:020000040802F0
:10000000183D0120B1B9020885AB020887AB020890
:1000100089AB02088BAB02088DAB02080000000020
:100020000000000000000000000000008FAB02088C
:1000300091AB02080000000093AB020895AB0208E8
:10004000EDBA0208F1BA0208F5BA0208F9BA0208D4
:10005000FDBA020801BB02089DAB0208A7AB02086B
:10006000B1AB0208BBAB0208C5AB020805BB020876
:1000700009BB02080DBB020811BB020815BB020830
:1000800019BB02081DBB020821BB020825BB0208E0
:1000900029BB02082DBB020831BB0208CFAB020806
:1000A000F5AB020835BB020839BB02083DBB0208AC
:1000B000FFAB020809AC020813AC020841BB0208FE
:1000C00045BB020849BB02084DBB020851BB0208F0
:1000D00055BB02081DAC020859BB020827AC020838
:1000E00031AC02085DBB020861BB020865BB0208B7
:1000F00069BB02086DBB020871BB020875BB020830
:1001000079BB02087DBB020881BB020885BB0208DF
:1001100089BB02088DBB020891BB020895BB02088F
:1001200099BB02089DBB0208A1BB0208A5BB02083F
:10013000A9BB0208ADBB0208B1BB0208B5BB0208EF
:10014000B9BB0208BDBB0208C1BB020865AC02080E
:10015000C5BB0208C9BB0208CDBB0208D1BB02085F
:10016000D5BB0208D9BB0208DDBB0208E1BB02080F
:10017000E5BB0208E9BB0208EDBB02080000000075
:10018000F1BB0208F5BB020880B5DFF8780801F082
:1001900062F9DFF87408807850F00100DFF8681821
:1001A0008870FEE72DE9F0472DED048B86B0050041
:1001B0000F0014001E0000205FF000085FF000092F
:1001C0009FEDBD0B9FEDA39B14210022EA465046F4
:1001D00001F04CF9DFF8340801F03DF93100C9B203
:1001E00089B2200001F032F9DFF8302D1068516833
:1001F00041EC180B3000C0B2002800F0B080DFF8EE
:10020000100801F028F93000C0B2204410F8010CA9
:100210002E2800F0A28020782E2800F09E80DFF8A3
:10022000F40701F018F93800C0B200281AD1F6B26C
:10023000320021006C46200001F050F9684601F0C0
:1002400041FA28802A88DFF8D017DFF8D40C01F0B3
:100250003FFADFF8D01C0870DFF8C40C01F0FBF89F
:10026000012081E0002010E00100C9B2615C2E296C
:100270000AD119F1010907E00100C9B2615C303906
:100280000A29F1D218F10108401C01003200C9B25C
:10029000D2B29142F0D3DFF8900C01F0DCF8424684
:1002A000D2B2DFF8881CDFF8780C01F011FADFF821
:1002B000741C0870DFF8680C01F0CDF84A46D2B221
:1002C000DFF86C1CDFF8580C01F002FADFF8541C60
:1002D0000870DFF84C0C01F0BEF84046C0B2401C7C
:1002E0003100C9B2884203D14846C0B201280AD0C1
:1002F00030005FFA88F8C0B280452ED15FFA89F9E4
:10030000B9F1000F29D1F6B2320021006C4620006D
:1003100001F0E4F8DFF81C0C01F09DF83800C0B2E1
:10032000022802D0FFB2032F15D1684601F0F3F97D
:1003300053EC102B51EC190B01F0F2F953EC182B84
:1003400001F0C4FA41EC100B01F0E4FB51EC100B8E
:1003500001F012FC2880012006E0002004E0DFF814
:10036000D80B01F078F8002006B0BDEC048BBDE896
:10037000F0872DE9F84F04000D009346012646272B
:100380005FF056085FF043095FF0530ADFF8AC0BEB
:1003900001F061F85946C9B289B2280001F056F857
:1003A0005846C0B2012805D12878FFB287424DD106
:1003B00004264BE05846C0B202283EDB5846C0B285
:1003C000284410F8010C5FFA88F840450BD1BBF1C6
:1003D0000103DBB22A0002212000FFF7E3FE01281F
:1003E00034D1022632E05846C0B2284410F8010C3D
:1003F0005FFA89F948450BD1BBF10103DBB22A0052
:1004000003212000FFF7CEFE01281FD103261DE0A7
:100410005846C0B2284410F8010C5FFA8AFA5045D9
:1004200014D1BBF10103DBB22A0000212000FFF749
:10043000B9FE01280AD1002608E05FFA8BFBBBF168
:10044000000F03D1DFF8840D01F005F83000C0B2D1
:10045000BDE8F28F0000000000C0A24038B52DEDCD
:10046000028B04000D009FED140BDFF8D40A00F09E
:10047000F2FF290089B2200000F0E8FF200001F01F
:100480004AF9B0EE408AF0EE608A53EC182BDFF8A0
:10049000B41ADFF88C0A01F01BF9DFF8881A08702B
:1004A000DFF87C0A00F0D7FFB0EE480AF0EE680AE9
:1004B000BDEC028B31BD0000000000000000000018
:1004C00070B58AB004000E0000200025DFF8780A1D
:1004D00000F0C1FF310089B2200000F0B7FF30000A
:1004E00080B20628C0F2B680002000E0401C010067
:1004F000320089B292B2914210D2010089B2615C9D
:10050000232905D169462A0092B221F812006D1CF8
:10051000290089B21529E9DB00209CE0280080B27F
:100520000228C0F29780DFF8200A00F094FF00262E
:1005300076E0300080B2002829D10422DFF80C1ABE
:10054000684633009BB230F81300204401F030FBC2
:1005500000281CD16846310089B200EB4100418877
:100560006846320092B230F81200091A091F89B2A7
:100570006846320092B230F812002044001DFFF7A6
:100580006DFFDFF8980953EC102B8260C3603000D8
:1005900080B2012829D10422DFF8341C68463300D8
:1005A0009BB230F81300204401F002FB00281CD15C
:1005B0006846310089B200EB41004188684632004C
:1005C00092B230F81200091A091F89B26846320047
:1005D00092B230F812002044001DFFF73FFFDFF811
:1005E0003C0953EC102B02604360DFF8300982684D
:1005F000C36843EC102B51EC100B0022002301F0D8
:100600000BFB0CD2DFF814090268436843EC102B93
:1006100051EC100B0022002301F0FEFA18D3761CD7
:10062000300080B2290089B2491E884212DA684639
:10063000310089B200EB410041886846320092B235
:1006400030F81200091A0529BFF673AF002002E046
:10065000012000E000200AB070BD2DE9F14FADF59A
:10066000805DAAB00C00002500205FF0000A002683
:1006700000205FF000090020ADF8000001205FF0CD
:10068000000B00275FF00008DFF8DC0B00F0E3FE52
:1006900045F20200225ADFF8D41BDFF8840801F08B
:1006A00017F8DFF88018087045F20200205A052874
:1006B000C0F29D8120784C284DD145F20200205A8D
:1006C000204410F8010C232845D1DFF8A40B00F0DA
:1006D000C2FE00201AE0010089B2615C0A2914D12F
:1006E00042A9320092B221F81200761C0DE00100FE
:1006F00089B2615C4C29EED140F6D801694452467A
:1007000092B221F812001AF1010A401C010045F2D0
:100710000202A25A89B29142E9D345F20200215A5B
:1007200042A8320092B200EB420030F8020C091AE3
:10073000B1F1010B5A4692B242A8310089B200EBE6
:10074000410030F8020C2044411C02A8019001989D
:1007500000F0C4FE0198DFF81C0B00F07CFE504650
:10076000310080B289B288421FD1DFF8040C00F05A
:1007700072FE012113E040F6D80068440A0092B2EC
:1007800030F8122042A80B009BB200EB430030F877
:10079000020C121A012A01D119F10109491C0800A1
:1007A000320080B292B29042E5D3594689B202A893
:1007B000FFF786FE012840F01781DFF8B80B00F044
:1007C0004AFE01251FFA89F919F101091FFA8AFA6F
:1007D000D14540F009815FF0000A0DF58059D9F844
:1007E000A8904FE0C0B200284AD15FF0000841F65F
:1007F0005A3039F800100720414309EB0100BDF8D9
:100800000010A0F80310BDF80070012538E00100C9
:10081000C9B20329E6D141F65A3039F80010072051
:10082000414309EB0100A0F80370012141F65A3061
:1008300039F800200720424309F8021041F65A30E7
:1008400039F800100720414309EB0100BDF8001002
:10085000A0F8011041F65A3039F800100720414342
:1008600009EB0100A0F8058018F1010841F65A30A3
:1008700039F80000401C41F65A3129F801000125E1
:100880001AF1010A5046310080B289B2884260D222
:1008900042A8514689B230F8111040F6D800684499
:1008A000524692B230F81200091A4A1E100080B265
:1008B0000F28E5DA100080B20028E1D0D2B240F66D
:1008C000D8006844514689B230F811002044411CD8
:1008D0006846FFF74EFD0100C9B2012939D0010079
:1008E000C9B2022993D141F65A3039F800100720D5
:1008F000414309EB0100A0F80370002141F65A3092
:1009000039F800200720424309F8021041F65A3016
:1009100039F800100720414309EB0100BDF8001031
:10092000A0F8011041F65A3039F800100720414371
:1009300009EB0100A0F8058018F1010841F65A30D2
:1009400039F80000401C41F65A3129F80100012510
:1009500096E77F1C41F6583029F80070DFF8180A36
:1009600000F079FD41F65A3039F80020DFF80C1A12
:10097000DFF8AC0500F0ACFEDFF8A8150870DFF872
:10098000A00500F068FD002426E041F6583039F853
:100990000020DFF8EC19DFF8880500F099FEDFF899
:1009A00084150870DFF8780500F055FD210089B244
:1009B0000720414309EB0100B0F80320DFF8C41918
:1009C000DFF85C0500F084FEDFF858150870DFF8EA
:1009D000500500F040FD641C200041F65A3139F802
:1009E000011080B28842D0D32800C0B205E0DFF801
:1009F000980900F030FD2800C0B20DF5805D2BB0E5
:100A0000BDE8F08F60B70208E47C0020CCB9020892
:100A1000D8B90208E4B90208F0B9020830B40200FB
:100A200000200023002401E05B1C641C20000D005A
:100A300080B2ADB2A8423ED2200080B2105C4C28F9
:100A400032D0200080B2105C0A282DD0200080B265
:100A5000105C2E2828D0200080B2105C532823D0B0
:100A6000200080B2105C46281ED0200080B2105CAE
:100A7000562819D0200080B2105C432814D02000E2
:100A800080B2105C23280FD0200080B2105C582860
:100A90000AD0200080B2105C3D2805D0200080B232
:100AA000105C30380A2804D2200080B2105C002884
:100AB000BAD1002006E089B29BB2994201D101204F
:100AC00000E0002030BC7047F0B5ADF5806D8DB012
:100AD00004000D000020ADF80A000020ADF8080069
:100AE0000020ADF806000020ADF804000020ADF8AD
:100AF0000C000020ADF80E000026DFF8900800F092
:100B0000AAFCB5F84C1815F5856000F09FFC002094
:100B10006870152045F20A016054B5F84C08102899
:100B2000C0F2F181022215F585610DF10A07380046
:100B300000F0D4FC022205F22C4102AF380000F094
:100B4000CDFC022205F22E410DF10607380000F01F
:100B5000C5FC022215F5866101AF380000F0BEFC2D
:100B6000BDF80A20DFF82818DFF8B40300F0B0FD64
:100B7000DFF8B0130870DFF8A80300F06CFCBDF8D4
:100B80000820DFF81018DFF8980300F0A1FDDFF867
:100B900094130870E24800F05EFCBDF80620DFF810
:100BA000F817DF4800F094FDDE490870DC4800F0DB
:100BB00052FCBDF80420DFF8E417D94800F088FDA6
:100BC000D8490870D64800F046FCBDF80400102152
:100BD00090FBF1F201FB120080B2002840F08C8102
:100BE000BDF804000A30B5F84C18884240F0848102
:100BF000DFF8AC0700F02FFC002000900023BDF8C8
:100C0000042005F2324104A801F034F845F2040052
:100C1000215ABDF80600014389B2002940F0C9807D
:100C2000DFF8800700F017FCBDF8041004A800F0FE
:100C30000DFCBDF8080001287CD1022204A903AFF5
:100C4000380000F04BFCDFF8600700F004FCBDF852
:100C50000C20DFF85817B24800F03AFDB14908708F
:100C6000AF4800F0F8FBBDF80C00BDF80A10884250
:100C700040F04281BDF80A100DF11200FFF7CEFEE0
:100C8000012840F0398145F20C0100222600300095
:100C900000F0ECFBBDF80C0045F2020160521C2193
:100CA000DFF80C0700F0D2FBBDF80A20DFF8E016F1
:100CB0009B4800F00DFD9B490870994800F0CBFB64
:100CC000BDF80C20DFF8E416954800F001FD9549C9
:100CD0000870934800F0BFFB45F20200225ADFF88B
:100CE000D4168F4800F0F4FC8E4908708C4800F050
:100CF000B2FB45F20200225A0DF11201260030002B
:100D000000F0ECFBBDF8080045F204016052BDF8AC
:100D1000060045F20801605211206870062045F275
:100D20000A016054A62645F20200215A200000F074
:100D30008DFBE1E0BDF808000228C0F2DD8045F23D
:100D40000C0100222600300000F090FBBDF80420CA
:100D500004A92600300000F0C1FBBDF80A0045F2EE
:100D600002016052BDF8080045F204016052BDF86E
:100D7000060045F20801605211206870062045F215
:100D80000A0160541126DFF8300600F064FBDFF83A
:100D9000140600F060FBBDF8041014F5A0400088B4
:100DA000204400F053FBBDF8040014F5A041088076
:100DB000A2E045F20400205A002800F09D80BDF812
:100DC000041004A800F042FBBDF8060045F208013B
:100DD000615A491C884240F08F80BDF80600401CD3
:100DE000BDF80810884249D1022204A90DF10E066F
:100DF000300000F073FBBDF80E200DF1120114F568
:100E0000A040008804EB0006300000F067FBBDF84E
:100E1000060045F208016052062045F20A016054BE
:100E200011206870A626BDF80E20DFF890153C480A
:100E300000F04EFC3B490870394800F00CFBBDF84F
:100E40000E1014F5A0400088204400F0FFFABDF811
:100E50000620DFF86C15324800F03AFC3149087082
:100E60002F4800F0F8FADFF85C0500F0F4FA45F2DC
:100E70000200215A200000F0E9FA3DE0BDF8081018
:100E8000BDF80600091A022936DBBDF8042004A9C2
:100E900014F5A040008804EB0006300000F01EFBB3
:100EA000BDF8060045F208016052062045F20A012D
:100EB0006054112068701126BDF80620DFF808156F
:100EC000174800F005FC174908701648017889B2E8
:100ED000134800F0BBFABDF8041014F5A0400088D8
:100EE000204400F0B3FA14F5A0400188BDF80400D6
:100EF000411814F5A0400180DFF8D00400F0ABFAEF
:100F00003000C0B205E0DFF8C80400F0A4FA3000F9
:100F1000C0B20DF5806D0DB0F0BD0000947C0020D6
:100F2000107C00200F7D0020FCB90208BCB502082F
:100F300070B7020808BA0208C8B3020814BA020857
:100F400080B7020890B70208D0B50208D4BA0208E8
:100F500070B5040000250020DFF8780400F07BFA6B
:100F6000B4F82624DFF87014C34800F0B1FBDFF8B2
:100F70006C140870C04800F06EFAB4F82614A01C77
:100F800000F064FA2079617909020E18320092B2F9
:100F9000DFF84C14B84800F09BFBDFF840140870F1
:100FA000B54800F058FAB4F82604310089B2083187
:100FB000884240F0EB80A0780D2840F0E780E07890
:100FC0000A2840F0E380B4F82604205C0D2840F0A5
:100FD000DD80B4F82604204440780A2840F0D6800A
:100FE000B4F82604811F89B2A01D00F0BDFE0128BF
:100FF00040F0CC80DFF8DC0300F02DFAA079552812
:1010000040F0C48055202070DFF8C80300F023FAB8
:10101000E07910280BD1300080B2022807D11020CF
:1010200060701025DFF8BC0300F015FAAEE0E0793F
:1010300012280BD1300080B2022807D11220607034
:101040001225DFF8A40300F006FA9FE0E0791428E7
:101050000BD1300080B2022807D114206070142513
:10106000DFF8880300F0F7F990E0E07915280BD15C
:10107000300080B2022807D1152060701525DFF8F6
:10108000700300F0E8F981E0E07913280BD130001B
:1010900080B2022807D1132060701325DFF85403B3
:1010A00000F0D9F972E0E07911282CD1300080B23B
:1010B000032828DB112060701120CF4800F0CBF905
:1010C000B01EA4F84C08B4F84C2814F1080114F52B
:1010D0008565280000F002FAB4F84C28C749664834
:1010E00000F0F6FABD490870634800F0B4F9B4F8AE
:1010F0004C1814F5856000F0A9F92100C048FFF7ED
:10110000E3FC050042E0E07916280AD1300080B205
:10111000022806D1BB4800F09EF916206070162503
:1011200034E0E07917282ED1300080B203282ADB82
:10113000B54800F090F9172060701720B01EA4F891
:101140004C08B4F84C2814F1080114F58565280002
:1011500000F0C4F9B4F84C28A849474800F0B8FAA0
:101160009E490870444800F076F9B4F84C1814F51C
:10117000856000F06BF92300A44AA549A54800F05A
:101180007DF8050002E0A44800F065F9A34800F0EE
:1011900062F92800C0B270BD38B504000D00A04847
:1011A00000F059F929002000FFF757FA012807D16C
:1011B0009C4800F050F954209B490870012003E03E
:1011C000462099490870002032BD0000E0B30208B3
:1011D000DCBA02082DE9F04706000F0090461D001A
:1011E0000020280080B2802190FBF1F201FB120068
:1011F000002801D1002000E00120089C290089B2CC
:10120000802291FBF2F910EB0909884800F023F9DC
:10121000200080B2002812D15FF0000A09E0844863
:1012200000F019F91AF10500C0B200F0BDFD1AF185
:10123000010A50464946C0B2C9B28842EFD33A00CB
:1012400092B23100404680B200F0C4FD1720A4B233
:10125000641CADB2AC4203D1764800F0FCF8182013
:10126000C0B2BDE8F087000020BA0208A0B70208AB
:101270002CBA020838BA0208107C00202DE9F84385
:10128000ADF5846D04000D0016001F005FF000082E
:101290000A2100220DF10409484600F0E7F86648EB
:1012A00000F0D9F8B7F84C08B0F5826F59D100209A
:1012B00000900023B7F84C2817F5856104A800F0CA
:1012C000D9FC02220DF11A012F00380000F006F9B6
:1012D000022207A93700380000F000F902220DF1C0
:1012E0001E012700380000F0F9F82A8853495448B5
:1012F00000F0EEF939490870514800F0ACF8328836
:1013000050494F4800F0E4F9344908704C4800F067
:10131000A2F822884C494A4800F0DAF92F490870AF
:10132000474800F098F80A2204A901A800F040FC00
:10133000002816D130882988884212D22888B0F532
:10134000A87F0EDA20888038B0F5C07F09D23088B7
:1013500000902B8822884FF4806108A8FFF73AFF9D
:1013600080464046C0B20DF5806D09B0BDE8F083FF
:10137000B0B7020854B20208C0B70208E4B50208C8
:10138000F8B5020870B202080CB60208D0B702081D
:10139000E0B70208F0B7020800B8020820B6020859
:1013A000F8B3020810B8020810B4020828B4020802
:1013B0008CB2020834B6020848B6020840B40208EB
:1013C0002CB1020844BA02084CB1020858B4020811
:1013D00020B8020830B8020870B402080F7D00205F
:1013E0005CB6020840B8020850B8020860B80208AB
:1013F00070B8020880B8020850BA0208A8B2020801
:101400008C00002088B4020890B80208FA7C002002
:10141000FC7C0020F87C002070B6020884B602082C
:1014200098B60208A0B80208965000205CBA0208DC
:10143000B0B80208C0B8020868BA0208D0B80208FA
:10144000107C0020E0B80208F0B8020880B589B22C
:1014500000F01CFD01BD10B50400200000F044FDAB
:10146000010089B2200000F011FD10BD62F30F22CF
:1014700062F31F42401810F0030308D0C91A1FD3AB
:10148000DB0748BF00F8012D28BF20F8022D13000C
:1014900030B414461546103928BF20E93C00FAD86C
:1014A000490728BF20E90C0048BF40F8042D8900F7
:1014B00028BF20F8022D48BF00F8012D30BC70472E
:1014C000C91818BF00F8012DCB0728BF00F8012D5F
:1014D00070470268531C03601170704762B38B073A
:1014E00008D0521E11F8013B00F8013B00F02480A7
:1014F0008B07F6D1830740F0208000BF103A07D356
:1015000030B4B1E83810103AA0E83810F9D230BC45
:10151000530724BFB1E80810A0E8081044BF51F8F1
:10152000043B40F8043BD20724BF31F8022B20F8DB
:10153000022B44BF0B7803707047121F17D35B0058
:1015400009D151F8043B20F8023B1B0C121F20F874
:10155000023BF6D20BE051F8043B00F8013B1B0ABA
:1015600020F8023B1B0C121F00F8013BF3D238BFDE
:10157000121D521E24BF11F8013B00F8013BF8D8A0
:1015800070472E002DE9F84F84B00E4617460BB178
:1015900000221A600446A04601E008F1010898F80C
:1015A000000000F0BCFC0028F7D198F800002D28BE
:1015B00016BF2B2818F8015B2B25002F019603D4AA
:1015C000012F01D0252F03DB002E55D0346053E0CE
:1015D000002F0CDD102F04BF98F80000302802BF48
:1015E00098F8010040F02000782811D10CE098F81C
:1015F0000000302818BF0A270AD198F8010040F0EF
:101600002000782803D1102708F1020800E00827FD
:10161000CDF80C8001E008F1010898F800003028AE
:10162000F9D0064E7E4414364FF0000906F128002A
:10163000CDF80880CA468DF800000BE0E098000065
:101640009DF80010401ACA465FFA80FB07FB09B9F3
:1016500008F1010898F8000000F06BFC01463A46DA
:1016600006F1280000F070FC0028E9D103994145FB
:1016700004D1019800B10460002020E00299F05DDF
:10168000A8EB0101081A002810D406DCB9EB0B0105
:1016900003D3B1FBF7F0504508D0AFF300800498B6
:1016A00008B1012101604FF0FF3903E02D2D08BF83
:1016B000C9F10009019808B1C0F80080484605B09A
:1016C000BDE8F08FFFE700230A2200215AE700005F
:1016D0000CB430B583B00A4606A902910446002531
:1016E0000194009502AB01A9084878441E3000F02F
:1016F00057FC019A157000284EBF04460198041B40
:10170000204603B030BC5DF80CFB00BFC7FDFFFFF7
:1017100041EC100B01BD80B501F084FDF8E74300FA
:1017200030B540F2FF7C1CEA11541DBF1CEA135572
:10173000644565453FE0641981EA030C6FF35F532C
:101740000CF0004C43F48013C90241F0004141EA1F
:10175000505EC5021100A5FB020200284FF00000F8
:10176000EEFB01204FF00001E3FB052118BF42F022
:101770000102401800214941E3FB0E01A4F58064F9
:101780000D0302D292184041494154F1010470DD29
:10179000450872F1004250F1000051EB0451A1F5EF
:1017A000801102D441EA0C0130BD40F2FF7E4CEAC8
:1017B0000E51002030BD0CEA1355644518BF654535
:1017C00081EA030C0CF0004C41D050EA410E1CBFE2
:1017D00052EA430E02E06146002030BD24422C4410
:1017E0001BD15FEA050EF6D0090302BF01460020B7
:1017F000AEF1140EB1FA81F5AEEB050401FA05FE67
:101800000C35C5F1200100FA05F5C8404EEA000E7E
:101810006FF35F5343F480139CE733F00043B3FA54
:1018200083F504BFB2FA82FE75440B3D641BB5F12B
:10183000200E2FBF02FA0EF3AB40C5F1200E22FAA4
:101840000EFE38BF43EA0E03AA40641C7CE750EA50
:10185000410E14BF52EA430E6FF000014FF4001521
:1018600015EB430F8EBF194615EB410F9DE7B4D81A
:1018700030BDD4F10104B4F120050FDAC4F1200524
:10188000520828BF42F0010210FA05FE01FA05F5E0
:101890007244E2BFE0402843E1400FE0352C9ADC7F
:1018A000C5F1200452EA400220FA05F218BF42F0C6
:1018B000010231FA05F0A1400A43002172F1004211
:1018C00050F1000051EB0C0130BD0000F0B540F2CA
:1018D000FF7581EA030C0CF0004C15EA11541DBF92
:1018E00015EA1357AC42AF42E5E0BC41C1F3130126
:1018F000C3F31303801A994143F4801304D2641E86
:101900000018494180185941C90241EA5051B1FBC0
:10191000F3F603FB1611A2FB0675D7EBC020A94115
:1019200002D2761E80185941C90241EA5051B1FBDA
:10193000F3FE03FB1E11A2FB0E75D7EBC020A941DD
:1019400003D2AEF1010E80185941890241EA90514B
:10195000760546EA8E2EB1FBF3F603FB1611A2FBC9
:101960000675D7EB8020A94102D2761E8018594116
:10197000C90241EA50514EEA060EB1FBF3F603FBF1
:101980001611A2FB0675D7EBC020A94102D2761E24
:1019900080185941C90241EA5051B1FBF3F703FBEA
:1019A0001711A2FB0735D3EBC020A94167F100074F
:1019B0000CBF004247F0010766F3D5274FEA1E31FE
:1019C000B80814F5806412DDBD0775F1004250EBD4
:1019D0000E5051EB045111F5801F5CBF41EA0C0120
:1019E000F0BD4CF07F6141F0E0410020F0BDBD074B
:1019F0006D0840EA0E5041F48011D4F10104B4F1B5
:101A000020060ADAC4F120060200E04001FA06F3DB
:101A1000E1401843B24015430EE0342C13DCC6F10C
:101A2000200445EA40056D0820FA06F2154321FA24
:101A300006F0A1400D43002175F1004250F1000075
:101A400051EB0C01F0BD00205FEA0C01F0BDCFB9F5
:101A500092185B41B3FA83F704BFB2FA82F6BF195A
:101A60000B3FB7F120062FBF02FA06F3BB40C7F1C8
:101A7000200622FA06F638BF3343BA401CB1E419F7
:101A8000641E33E77F4231F00041B1FA81F404BFB4
:101A9000B0FA80F6A4190B3CB4F120062FBF00FA6F
:101AA00006F1A140C4F1200620FA06F638BF314302
:101AB000A0403C1B1AE7AC421ABF05EA1357AF42DD
:101AC00012E050EA41061CBF52EA4306BFE750EA63
:101AD0004107304661461CBF41EA0551F0BD52EA5C
:101AE000430C08BFC143F0BD00204FF4001616EBB5
:101AF000410F98BF16EB430F08BF16EB410F24BFF1
:101B0000C14305E016EB430F0CBF61464CEA05519B
:101B1000F0BD000051EC100B00B500F003F841ECF3
:101B2000100B00BD40F2FF7C0CEA115240F2FE3374
:101B3000D21A17DD352A1DDAB2F1150308DA6FEA79
:101B40004C53D34031EA5301C918994300207047E0
:101B50006FF00002DA4030EA5200801841F10001D3
:101B60009043704701F0004104BF41F07C5141F4C3
:101B70007001002070470000C1F30A5340F21E427A
:101B8000D31A0CDDCA0283F3070342EA505242F033
:101B90000042DA4002EBE17282EAE17070476FEADC
:101BA000E17203F2E13008B182F0004070470000BA
:101BB0000300002013F0030F09D0521E22BF13F8B8
:101BC000010B11F801CBB0EB0C00F3D0704711F012
:101BD000030F14D1121F22BF53F8040B51F804CB8A
:101BE0006045F7D0121D0AD200BA9CFA8CFCB0EB0B
:101BF0000C0038BF6FF0000088BF01207047521EF4
:101C000022BF13F8010B11F801CBB0EB0C00F6D09A
:101C1000521C08BF1046704741EA030C50EA4C0CB6
:101C200052EA0C0C4FF4001C09D307D01CEB410FF7
:101C30009CBF1CEB430F994208BF904270471CEBBE
:101C4000410FFBD88B4208BF8242704710B400237B
:101C50000AE01A00D2B2845C1A00D2B28A5C544004
:101C60001A00D2B284545B1C1A00D2B2102AF0DBE4
:101C700010BC70472DE9F84384B007008846150072
:101C80000020002B06D1102216496C462000FFF7D9
:101C900025FC05E010226C4619002000FFF71EFC11
:101CA0000C9C002C00D1104C002613E01022414661
:101CB000B9464846FFF712FC01226946380001F098
:101CC000C0FA21003800FFF7C1FF444618F11008A0
:101CD0001037761CB6EB151FE8D305B0BDE8F083CE
:101CE0000000000010B7020820B7020810B400225C
:101CF0000022002216E00B885B000B8010E00B88AE
:101D00001B1213F080030400E4B214F0800494EA80
:101D1000030FF0D00B8848F2050494EA43040C80CA
:101D20004000521C1300DBB2082BE8DB10BC7047EC
:101D3000F8B504000D0016000020ADF800000020EA
:101D4000002708E06946380080B210FA85F0205C70
:101D5000FFF7CCFF7F1C3800310080B289B2884287
:101D6000F0D3BDF80000F2BD7CB504000D000020EA
:101D70000020ADF80000AA1E92B200212000FFF75B
:101D8000D7FF06000222ADB204EB0500811E6C46AF
:101D90002000FFF7A3FBBDF80000B6B2B04201D1AE
:101DA000012000E0002076BD80B586B000210091C2
:101DB0000021019102210591C0B2039001200490FD
:101DC00001F09BFC694601A801F080FD01F0A7FC31
:101DD00007B000BDF8B50E0017000400A4B24FF420
:101DE00080614C4314F1006480B2403840F2BF116E
:101DF000884221D201F081FC002514E0280080B245
:101E000014EB4001280080B206EB400040782A0025
:101E100092B216F8122052EA002292B20023012058
:101E200001F024FC6D1C2800390089B2490880B2F9
:101E30008842E3D301F073FCF1BD00887047F8B528
:101E400006000C001500B6B24FF48060464316F150
:101E500000660020002711E0380080B216EB400039
:101E6000FFF7EBFF390089B204F8110080B2000AD5
:101E7000390089B204EB410148707F1C3800290009
:101E800089B2490880B28842E6D3F1BD80B50A0024
:101E900013009BB203214B4392B201000F4801F0A3
:101EA00036FE01BD80B50A0013009BB292B201005C
:101EB0000B4801F02CFE01BD38B504000D000948A7
:101EC000FFF7C9FA290089B22000FFF7BFFA2900FD
:101ED00089B22000FFF7E6FF31BD0000CC7B002077
:101EE000887B002040B9020800F10103810704D07B
:101EF00010F8011B820781B1FAD10268A2F1013109
:101F0000914311F0803104BF50F8042FF6E709BA6D
:101F1000B1FA81F100EBD100401CC01A704710B536
:101F2000044602F011FA01462046096ABDE8104055
:101F3000084710B5044602F007FA01462046896AB0
:101F4000BDE8104008470000C9B2830706D0521E02
:101F500022D310F8013B9942F7D11FE0083A13D37E
:101F600002F1040241EA012141EA014150F8043B37
:101F7000121F21BF4B40A3F1013C2CEA030C1CF0C3
:101F8000803FF3D0C9B2001F083210F8013B521E47
:101F900028BF91EA030FF8D818BF0120401E7047F0
:101FA0002DE9F14FB0B0924604910DF142013A9AF9
:101FB0002B9199464A7000200AE01AF8011B0498F8
:101FC000309A90470028049000F06B860D98401CD2
:101FD0000D909AF8000050B12528EED10021002282
:101FE0000791089209910A920B910C9204E00D98C6
:101FF00000F059BE41F001011AF8010F2028F9D074
:1020000023280CD02B2804D02D2805D0302809D027
:102010000BE041F00201EFE741F00401ECE741F091
:102020000801E9E741F01001E6E72A280FD1D9F8C5
:10203000002052F8040BC9F8002000280F9003D5A7
:1020400040420F9041F004010AF1010A14E00F929E
:10205000DFF8583C0AE00F98984205DA00EB80045C
:1020600002EB4402303A0F920AF1010A9AF800207A
:10207000A2F130000A28EED39AF800002E2803D0EF
:102080004FF0FF320E9229E01AF8010F2A2809D1E9
:10209000D9F8000050F8042BC9F800000E920AF19C
:1020A000010A1BE02D280CBF0AF1010A00200022C2
:1020B0000E92DFF8F84B0BE040B90E9AA24205DA17
:1020C00002EB820503EB4503303B0E930AF1010A54
:1020D0009AF80030A3F130020A2AEDD3ADF840108F
:1020E0000FF6CC309AF8001002F036F908B11AF861
:1020F000010B8DF842009DF84200682805D19AF83E
:10210000000068280CD1622106E06C2804BF9AF810
:1021100000006C2804D171218DF842100AF1010AE7
:1021200012A806901AF801BBBBF125012CD01C396E
:1021300000F0D781091F022940F2D381133900F042
:10214000E284093900F0CD81891E00F07785491EAF
:1021500000F02485491E022940F2C381091F00F0C6
:102160001D85491F00F03281491E00F0CC84491EB4
:1021700000F0D880C91E0DD0891E00F0C484C91E8D
:1021800000F0C18400F065BD25238DF848300121A1
:1021900000F06ABDD9F8000050F8044BC9F80000FF
:1021A000002C059440F0AB802B994878002800F073
:1021B000A1804FF0FF340FF6003002F0D9F8201A5A
:1021C00040F06F8500F051BD01236A4602A93046F8
:1021D00000F042FE002840F064856D1EF4D1309678
:1021E000079D12AF75B1309E17F8012B02A930463A
:1021F00000F022FE002801D46D1EF5D10028309693
:1022000040F04F850A9D3020002D8DF800000CDD38
:10221000309E01236A4602A9304600F01DFE0028C8
:1022200040F03F856D1EF4D13096059F089D75B135
:10223000309E17F8012B02A9304600F0FDFD002862
:1022400001D46D1EF5D10028309640F02A850B9DF3
:102250003020002D8DF800000CDD309E01236A46F1
:1022600002A9304600F0F8FD002840F01A856D1EE6
:10227000F4D1309605980899099D471875B1309E9C
:1022800017F8012B02A9304600F0D6FD002801D432
:102290006D1EF5D10028309640F003850C9D30204E
:1022A000002D8DF800000CDD309E01236A4602A946
:1022B000304600F0D1FD002840F0F3846D1EF4D1CB
:1022C00030969DF8400041077FF583AE2020002C1A
:1022D0008DF800007FF77DAE309D01236A4602A98C
:1022E000284600F0B9FD002840F0DB84641EF4D1DC
:1022F00030956EE60FF6C030059000F0B6BC0E9D2E
:10230000002D04D52046FFF7EFFD044607E02A46DE
:102310002046FFF719FE002814BF041B2C46089422
:1023200000F0A3BCD9F8001051F8040BC9F8001054
:1023300020F00004002121F0FF3512ABCDE9024569
:102340000593DDE9022306993C2413B90AB90E98D6
:10235000A8B102F00F053035641EEEB23A2E08DA4D
:10236000120942EA03721B090D5508BF002A02D167
:1023700005E02735F4E705980D19A842E9D30819B7
:102380000590C4F13C020E98089282420ADABDF828
:102390004010821A4FF6EF7001400A92ADF84010DB
:1023A00000F063BC002840F160849DF8400000F01C
:1023B0001400102840F059840F9B07990A985B1A63
:1023C0001B1A9A1A002A40F350849AE32B994878F2
:1023D00020B14FF0FF340FF6B020EEE69DF842003A
:1023E000622860D0682817D06A283FD06C2806D0B1
:1023F000712847D074282CD07A281DD062E0D9F8F3
:10240000001051F8040BC9F80010002866D14FF0F5
:10241000FF340FF68C20D0E6D9F8001051F8040BE9
:10242000C9F8001020B94FF0FF340FF67420C4E64D
:102430000D99018000F019BCD9F8001051F8040B77
:10244000C9F80010002849D14FF0FF340FF6502092
:10245000B3E6D9F8001051F8040BC9F800100028B1
:102460003CD14FF0FF340FF63820A6E6D9F8001023
:1024700051F8040BC9F8001080B94FF0FF340FF683
:1024800020209AE6D9F8001051F8040BC9F8001082
:1024900020B94FF0FF340FF608208EE60D9AD317BF
:1024A000C0E90023E1E3D9F8001051F8040BC9F8A2
:1024B000001020B94FF0FF340FF6E4107DE60D99BF
:1024C0000170D2E3D9F8001051F8040BC9F80010DC
:1024D00020B94FF0FF340FF6C8106EE60D99016079
:1024E000C3E3D9F80020D21D22F00702C9F800206A
:1024F000D2E900010832C9F80020CDE90201C80F75
:1025000002D007982D210AE0BDF84000810702D5CE
:1025100007982B2103E0C00705D50798202112AAB0
:102520001154401C079012A80799DDE90245431891
:102530004BF020006128059321AE0BD00E980028A7
:1025400002D506200E9005E001BF4BF02000672861
:1025500001210E91DDE9020148004015401C0A46A8
:102560000DD109030BD0ABF1610703201A2F08909E
:1025700002D20FF648110DE00FF644110AE070B9CF
:1025800012030CD1ABF1610703201A2F08901CD362
:102590000FF6341103221846FEF7A0FF65E3DDE9CC
:1025A00002016A4601F004FFCDE902014BF0200070
:1025B000612811D1059830210170821CBBF1610F97
:1025C00005920CBF7821582102E00FF6F801E1E7EF
:1025D00041700798801C0790DDE9020120F000029D
:1025E00031F0004308BF002A02D10025002445E154
:1025F0004BF02008B8F1610F40F095800E9800284C
:1026000047BF21210191401C0190019F7F1C204662
:10261000294600220023DDE9024501F001FF00996F
:102620008DF8842038BF85F00045091F002F0091E8
:102630000DF1850034DD06462046294600220023A0
:10264000FFF7EAFA2BD21C2201F004FF04460D46E4
:10265000FFF792FAFF1F002F804609DD01F098FF77
:1026600002460B462046294602F062F804460D4613
:10267000F01D0721B8F1000F0CDD491E5EBF08F008
:102680000F0200F8012D4FEA2818F3D502E00022CE
:1026900000F8012D491EFAD5C61D002FCCDC3046AE
:1026A0000DF18501401A019905468842C8BF0D46C3
:1026B000002D0DF185062FD4854206DA0DF1850037
:1026C000415D0829A8BF0F2000DA0020294621AA71
:1026D0000A4400E06D1E12F80139491E8342F9D008
:1026E0000F2804D10DF18500425C521C4254002990
:1026F00004D50098001D21AE6D1C0090681E0BD4FF
:1027000031180A783032D3B23A2BA4BF5A443A3A3D
:10271000401E01F80129F4D50E98002840F1AD8043
:10272000691E0E91A9E00099DFF8FC2647F2975048
:10273000414391FBF2F2009225F00045C2F10702FD
:10274000002A04DD2046294600F04AFB0BE05242F5
:102750000020DFF8D81600F043FB02460B46204667
:102760002946FFF7B3F80446B8F1660F0E9806BF86
:10277000009F0A3706273F18142FC8BF14273020A0
:102780008DF884000D460DF1850000E03046002FE5
:1027900035DD06462046294602F03CF801460A4649
:1027A00006F1080304200A26B2FBF6F606EB860EB5
:1027B000A2EB4E02303203F8012C0A22B6FBF2F2F1
:1027C00002EB820EA6EB4E063036401E03F8026D79
:1027D000E9D1083F002F03F10806D7DD084602F0D3
:1027E0002BF802460B462046294601F0A1FF0022A5
:1027F000DFF83C36FEF794FF04460D46CAE70DF1BC
:102800008501401A0DF1850604E00099491E401E1D
:102810000091761C31783029F7D0B8F1660F02D1DB
:102820000099491C04E0B8F1650F0CBF012100219B
:102830000E9D4D19A842B8BF451E002D1DD48542DE
:1028400004DA705D3428C8BF392000DC3020294606
:10285000721E531800E06D1E13F80149491E844290
:10286000F9D0392802D1705C401C7054002904D57D
:102870000098401C16466D1C0090009C01F066FDFF
:10288000406A0778DDF8388028B2002802DC01258C
:102890000FF238664BF02000662808BF641C16D083
:1028A000672846D120B210F1040F48DB404546DAD4
:1028B0009DF84000641C010703D428B24045D8BFEE
:1028C000804620B2B8EB000848BF4FF000080FFA6E
:1028D00084FBBBF1000F00F3B5800898411C089100
:1028E000302205990A54B8F1000F03DC9DF840002E
:1028F000010704D50898411C089105990F5418EB5D
:102900000B0FB8BFC8F1000424B260420B90A04482
:102910002AB29045B8BF4546059B08982DB2099547
:102920002A4631461844FEF7D9FDA8EB05000C9065
:10293000D2E0BBF1610F17D14FF0700B19E028B254
:10294000404504DA9DF840100A0758BF8046B8F1A8
:10295000010848BF4FF00008BBF1670F14BF4FF0EC
:10296000450B4FF0650B04E0BBF1410F08BF4FF082
:10297000500B0898411C0891B8F1000F059916F802
:10298000012B0A5403DC9DF8400001071AD5089872
:10299000411C0891B8F1000F05990F5412DD6D1E0E
:1029A00028B280450598089BB8BF45462AB23146F3
:1029B0001844FEF793FD08992DB269180891A8EB09
:1029C00005000B9005980899084421B2002980F869
:1029D00000B003D42B224270821C04E02D224270EE
:1029E0000C46821C644200212CAB20460AE00446BF
:1029F0000A2094FBF0F000EB8005A4EB450403F8FB
:102A0000014B491C00B20028F1DC012906DC4BF027
:102A10002000652804BF302002F8010B00292CABF0
:102A200008D1302002F8010B06E0491E585C303016
:102A300002F8010B0029F8DC059908980844121ADD
:102A4000099249E028B221B288421CDA0598089B15
:102A50002AB231461844FEF741FD08992DB2691893
:102A60000891ABEB0500B8F1000F0B9003DC9DF86B
:102A70004000020704D5059847540999491C09915B
:102A8000CDF8308028E00598089B22B231461844E2
:102A9000FEF724FD08982D1B5844B8F1000F08904C
:102AA00003DC9DF840100A0703D5411C08910599E5
:102AB0000F5428B280450598089BB8BF45462AB2F6
:102AC00006EB0B011844FEF709FD08982DB22818F3
:102AD0000890A8EB05000B909DF8400000F0140052
:102AE000102840F0C280079A08990B988A18099913
:102AF00082180C988A1882180F98824280F2B5804A
:102B0000821A0A92B1E09DF84200622808D0682833
:102B10000ED06A2814D06C281FD0712810D01CE069
:102B2000D9F8001051F8040BC9F80010C0B21AE02F
:102B3000D9F8001051F8040BC9F8001080B212E067
:102B4000D9F80020D21D22F00702C9F80020D2E9EE
:102B500000010832C9F8002006E0D9F8001051F849
:102B6000040BC9F800100021CDE902019DF84000D6
:102B700001075AD5DDE90223002B08BF002A54D0F3
:102B80004BF02000782850D1079812A930220A541F
:102B9000401C431C079301F800B046E09DF842003A
:102BA000622808D068280ED06A2814D06C281FD05C
:102BB000712810D01CE0D9F8001051F8040BC9F8A6
:102BC000001040B21AE0D9F8001051F8040BC9F80F
:102BD000001000B212E0D9F80020D21D22F0070246
:102BE000C9F80020D2E900010832C9F8002006E047
:102BF000D9F8001051F8040BC9F80010C117CDE93D
:102C00000201002902D507982D210AE0BDF84000F5
:102C1000810702D507982B2103E0C00705D5079847
:102C2000202112AA1154401C079012A807990144B0
:102C3000059102A8594600F04DF816E001200790D2
:102C4000D9F8000050F8041BC9F800008DF84810AE
:102C50000BE025210122BBF1000F8DF848100792EF
:102C600003D08DF849B0022107910F9A07980A996D
:102C70000C9C121A0898521A0B99121A0998521A97
:102C8000121A9DF84000141B41073FF5A9AA202005
:102C9000002C8DF800007FF7A3AA309E2546FFF791
:102CA00093BA4FF0FF3031B0BDE8F08FCBCCCC0CF5
:102CB000686A6C747A4C00007072696E74665F7337
:102CC0003A2062616420257320617267756D656EBC
:102CD000740000002DE9FC4304466F29256908BFF4
:102CE000082605D041F02000782814BF0A261026B7
:102CF0003C27D4E90023642918BF692990469946E6
:102D000005D1002B03D5D8F1000869EB4909B9F1C9
:102D1000000F08BFB8F1000F0CD1206B50B9082E7E
:102D20003AD194F83800010736D530203B2785F892
:102D30003B0031E08DF80010404649463246F3171B
:102D400001F088FD3032D0B27F1E3A2801970EDAAA
:102D5000EA55404649463246F31701F07BFD80466E
:102D60005FEA010908BFB8F1000F05D108E09DF83E
:102D700000001218513AEBE7E068E9198842DBD30A
:102D8000082E09D194F83800010705D5E85D3028F0
:102D900002D07F1E3020E855C7F13C02A261E9193C
:102DA000E160206B824208DA821A22624FF6EF70ED
:102DB000218F01402187BDE8F38300280ED594F8C8
:102DC000380000F01400102808D1636B6169206A94
:102DD0005B1A1B1A9A1A002AC8BF2262BDE8F38345
:102DE0002DE9D04306460F4614464FF00008DFF8A1
:102DF000449012E0E00707D542464B46304639463C
:102E0000FEF78EFC06460F464046494642464B4674
:102E1000FEF786FC641080468946002CEAD13046D5
:102E20003946BDE8D0830000A08601000000F03FD5
:102E300084D797410000244010B503460C46114644
:102E4000A0689847A06020B1E06A401CE0620020C2
:102E500010BD4FF0FF3010BDF8B505460E461746C1
:102E60001C4600205CB117F8011BB068A847B06091
:102E700030B1F06A401CF0620020641EF3D1F2BD54
:102E80004FF0FF30F2BD00007072696E74665F73C0
:102E90003A20256E20646973616C6C6F77656400FD
:102EA0007072696E74663A2062616420256E2061DA
:102EB0007267756D656E7400000000006E616E00D3
:102EC0004E414E00696E6600494E460030000000DB
:102ED000F8B52DED048B140082B041EC180B1D46A3
:102EE00000F0D88020F0000231F0004308BF002A33
:102EF00000F0D08048004015401C02D1090300F0CA
:102F0000C980002C9FED679B55D56442644F7F4478
:102F100007F5C77708260CE0E00707D5D7E90023B7
:102F200051EC190BFEF7FCFB41EC190B6408083758
:102F3000761E002C18BF002EEED16A4651EC180BFD
:102F400001F036FA009E53EC192BFEF7BFFC324617
:102F500001F080FA20F0000231F0004308BF002A9F
:102F600041EC180B00F0808048004015401C01D156
:102F7000090379D0002C77D06A4651EC180B01F088
:102F800017FA009E994A9A4BFEF7CAFB324601F0A7
:102F900061FA20F0000231F0004308BF002A41EC42
:102FA000180B61D048004015401C01D109035BD0CB
:102FB000641EE1D158E057DD394F7F4407F1E20745
:102FC0000826E00707D5D7E9002351EC190BFEF7D7
:102FD000A7FB41EC190B64100837761E002C01DDAD
:102FE000002EEED16A4651EC180B01F0E1F92646AD
:102FF00041EC100B009C53EC102B51EC190BFEF71D
:103000008FFB224601F026FA20F0000231F0004347
:1030100008BF002A41EC180B26D048004015401C80
:1030200001D1090320D0002E1EDD6A4651EC180B99
:1030300001F0BEF9009C6F4A774BFEF771FB224608
:1030400001F008FA20F0000231F0004308BF002A26
:1030500041EC180B08D048004015401C01D1090371
:1030600002D0761E002EE0DC51EC180B20F000029E
:1030700031F0004308BF002A05D048004015401C2D
:1030800008D1090306D1AFF300801DB1286840F0D4
:103090000100286002B051EC180BBDEC048BF4BDAC
:1030A000F07E0000000000000000F03F2DE9F14D2F
:1030B00081B05FEA03082DED028B84B01CBF0020B5
:1030C000C8F80000079D0C46934607A801F0DAFCFB
:1030D000C11020F00800012801F0010A32D10220BD
:1030E000009001AB07992246284601F05DFD0400DF
:1030F00008BF9FED4A0B1ED0029801F049FA022C3E
:1031000041EC100B17DB03AF661E9FED3B8B51ECC0
:10311000100B53EC182BFEF703FB044657F8040B77
:103120000D4601F035FA22462B4601F043FA761E91
:1031300041EC100BEBD1019800EB0B02434651EC34
:10314000100B33E0022836D1009001AB07992246DC
:10315000284601F005FE040008BF9FED300B1ED08D
:10316000029801F015FA022C41EC100B17DB03AFAB
:10317000661E9FED238B51EC100B53EC182BFEF7C2
:10318000CFFA044657F8040B0D4601F001FA224627
:103190002B4601F00FFA761E41EC100BEBD1019A91
:1031A00051EC100B01F056F943465A46FFF790FEDA
:1031B00041EC100B0AE0032808BF9FED130B05D06C
:1031C00004280CBF9FED120B9FED140BBAF1000FFA
:1031D00005D051EC100B81F0004141EC100B04B014
:1031E00051EC100BBDEC028BBDE8FC8D436FAC6461
:1031F0002806C80A3CBF737F0000000065CDCD41A2
:10320000000000000000B041000000000000F07F5E
:10321000FFFFFFFFFFFFFF7FDD4F15750000000080
:10322000000000000023002200213FE70100080009
:1032300040B240B2C01110F01B0090EA4100C0B291
:1032400070472DE9F84F04000D0016003000C0B2A1
:1032500000284CD0002111E01000C0B22B5C1000FF
:10326000C0B2284410F8040C43401000C0B22B54E4
:10327000521C1000C0B21028EEDB491C0800C0B27E
:103280000A2823DADFF8D8036A7B825C2878424078
:10329000DFF8D0030B00DBB2C05C42402A70DFF8DD
:1032A000C003AA7B825C687842406A70DFF8B00392
:1032B000EA7B825CA8784240AA70DFF8A4032A7BEC
:1032C000825CE8784240EA700422D2E700210AE0FA
:1032D0000800C0B2225C0800C0B2285C424008006E
:1032E000C0B22254491C0800C0B21028F0DB0027ED
:1032F00011E00800C0B22A5C0800C0B2284410F8EF
:10330000040C42400800C0B22A54491C0800C0B254
:103310001028EEDB7F1C3800C0B20A2880F28981B9
:103320003000C0B2002832D00F210CE00800C0B23B
:103330002A5C0800C0B2284410F8040C424008007F
:10334000C0B22A54491E0800C0B20428EEDAC448AC
:10335000697B415C28784140C2483A00D2B252426F
:103360001044407A41402970BD48A97B415C68788F
:1033700041406970BA48E97B415CA8784140A97036
:10338000B748297B415CE8784140E9702AE0002198
:103390000CE0B34A0800C0B2235C0800C0B2285C4D
:1033A0004340D05C0A00D2B2A054491C0800C0B20D
:1033B0001028EEDB607861796170617A6171617B00
:1033C00061726073A078A179A27AA270A27BA271C7
:1033D000A072A173E07BE17AE173E179E172E178B7
:1033E000E171E0703800C0B2002803D03000C0B2F4
:1033F000002809D13800C0B2092880F2CB80300003
:10340000C0B2002840F0C6805FF00008BDE05FEA6F
:1034100088093000C0B2002842D04846C0B2205CC3
:103420004946C9B2214489784840C0B2FFF7FEFE40
:10343000C0B2FFF7FBFE82464846C0B22044407847
:103440004946C9B22144C9784840C0B2FFF7EEFEF0
:10345000C0B2FFF7EBFE4946C9B2615C9AEA0101CE
:103460004A46D2B2A1544946C9B2214449784140A2
:103470004A46D2B2224451704946C9B221448978A1
:103480009AEA010A4946C9B2214481F802A0494694
:10349000C9B22144C97848404946C9B22144C870DC
:1034A0004846C0B214F800A04846C0B22044407854
:1034B00090EA0A0A4846C0B22044807890EA0A0A94
:1034C0004846C0B22044C07890EA0A0A4846C0B2D2
:1034D00014F800B04846C0B2205C4946C9B2214445
:1034E00049784840C0B2FFF7A1FE4946C9B2615CC5
:1034F00048409AEA00004946C9B260544846C0B202
:10350000204440784946C9B2214489784840C0B235
:10351000FFF78CFE4946C9B22144497848409AEAEF
:1035200000004946C9B2214448704846C0B2204410
:1035300080784946C9B22144C9784840C0B2FFF7F3
:1035400075FE4946C9B22144897848409AEA00008C
:103550004946C9B2214488704846C0B22044C07868
:103560009BEA000B5846C0B2FFF760FE4946C9B25D
:103570002144C97848409AEA000A5FFA89F904EBC5
:10358000090080F803A018F101084046C0B20428E1
:10359000FFF63DAF3000C0B200282BD0607B617ACF
:1035A000617361796172617861716070A07AA17BE9
:1035B000A278A272A279A273A070A171E078E179D9
:1035C000E170E17AE171E17BE172E07300210800D2
:1035D000C0B21028BFF69EAE23480A00D2B2A25C49
:1035E000825C0800C0B2285C42400800C0B222548D
:1035F000491CECE71A48697B415C2878414019482E
:103600003A00D2B2805C414029701548A97B415CE8
:103610006878414069701248E97B415CA878414074
:10362000A9700F48297B415CE8784140E97004218A
:103630006CE6F6B2002E10D100210AE00800C0B2FC
:10364000225C0800C0B2285C42400800C0B222548C
:10365000491C0800C0B21028F0DBBDE8F18F000063
:10366000A4AC0208C8BA0208A4AD0208F8B5060066
:103670000F0014001D000120DFF83802007E012831
:1036800001D1022038E00120DFF8281208764CF240
:10369000503000F04CF80100C9B2002927D12200B7
:1036A0002B00002E05D11100C9B2380000F0ACF893
:1036B00011E0012E05D1110089B2380000F090F818
:1036C00009E0022E04D11100380000F075F802E084
:1036D000380000F057F84CF2503000F028F8DFF8CE
:1036E000D811096849084900DFF8CC211160002190
:1036F000DFF8C0211176C0B2F2BD00206E49096822
:1037000000290AD56E496F4A11606F496D4A1160F0
:1037100069490968002900D50120C0B27047664890
:10372000006850F00040644908600020704738B5D8
:103730000400002000205F49C86101F015FC05006D
:103740005E480068C0030BD514F1010FF8D0002CBF
:1037500004D001F009FC401B8442F1D2032010E0A8
:1037600056480068C00702D50120544908605348F4
:10377000006810F0F20F03D000F058F8012000E0CC
:10378000002032BD10B44C49096831F440714A4CF4
:1037900021604949096851F44071474C216046490C
:1037A000096851F00101444C21600260BFF36F8F42
:1037B000001D036010BC70473F4A126832F440722B
:1037C0003D4B1A603C4A126852F400723A4B1A6040
:1037D000394A126852F00102374B1A600160704793
:1037E000354A126832F44072334B1A60324A12681A
:1037F00052F48072304B1A602F4A126852F0010264
:103800002D4B1A60018070472B4A126832F44072C7
:10381000294B1A60284A1268274B1A60264A1268F8
:1038200052F00102244B1A6001707047234800686F
:10383000C00608D51F48C06950F010001D49C86176
:1038400010201E4908601D480068800608D51948E8
:10385000C06950F008001749C86120201749086066
:1038600016480068400608D51248C06950F00400A8
:103870001049C861402011490860104800680006DE
:1038800008D50C48C06950F002000A49C861802080
:103890000A49086009480068800708D50548C069DA
:1038A00050F020000349C8610220044908607047B5
:1038B00000000000747C0020103C02400C3C0240E0
:1038C00023016745043C0240AB89EFCDF8B5040005
:1038D0000D0001200020DFF8B401007E012801D195
:1038E00002204CE00120DFF8A41108764CF25030A1
:1038F000FFF71DFF06003000C0B2002839D15FF08D
:10390000FF3028602068012812D161682069C0B2A8
:1039100000F036F84CF25030FFF709FF0600DFF8F0
:103920007001006830F00400DFF8641108601EE0E8
:10393000A76800E07F1CE168A06841188F4216D29A
:103940002169C9B2380000F031F84CF25030FFF76D
:10395000EEFE0600DFF83801006830F0FA00DFF80C
:10396000301108603000C0B20028E3D02F6000F0B2
:1039700053F80020DFF8141108763000C0B2F2BD11
:103980004349096831F44071414A1160404909686E
:1039900051F004013E4A11603D490968C0B251EA44
:1039A000002151F480313A480160704700220A003A
:1039B000D2B2002A01D100210EE00A00D2B2012ABF
:1039C00002D14FF4807107E0C9B2022902D14FF44D
:1039D000007101E04FF440712D4A126832F44072D8
:1039E0002B4B1A602A4A12681143294A1160284950
:1039F000096831F0F801264A11602549096851EA41
:103A0000C00151F00201224801602148006850F4D1
:103A100080301F49086070471E480068800517D530
:103A20001C48006830F400701A49086019480068A2
:103A300050F40060174908601648006830F40060D0
:103A4000144908601348006850F400701149086078
:103A500010480068400517D50E48006830F48060B3
:103A60000C4908600B48006850F480500949086010
:103A70000848006830F4805006490860054800682E
:103A800050F480600349086070470000747C002097
:103A9000103C0240003C024010B50400002C01D153
:103AA000012033E0A0690028FFD194F83D000028F0
:103AB00005D1002084F83C00200001F09FFA24206A
:103AC00084F83D002068C06830F400502168C86068
:103AD000200000F039FB2068006930F49040216834
:103AE00008612068406930F02A0021684861206838
:103AF000C06850F400502168C86000202064202075
:103B000084F83D00202084F83E00002010BD2DE9FF
:103B1000FC4106000D0014001F00002096F83D0037
:103B2000202857D1002D03D0200080B2002801D1D9
:103B3000012050E096F83C00012801D102204AE023
:103B4000012086F83C0000203064212086F83D00EA
:103B500001F00AFA8046B484F484B068B0F5805F5E
:103B600004D13069002801D1002401E02C00002597
:103B7000002086F83C000FE0207831684860641C23
:103B800007E0002CF8D12888C005C00D31684860D6
:103B9000AD1CF08C401EF084F08C00280AD00097F9
:103BA000434600228021300000F077F90028E8D059
:103BB000032010E00097434600224021300000F02F
:103BC0006CF9002801D0032005E0202086F83D0094
:103BD000002000E00220BDE8F68180B590F83E307C
:103BE000202B16D1002903D013009BB2002B01D14A
:103BF00001200FE090F83C30012B01D1022009E0B8
:103C0000012380F83C300023036392B200F08AF96C
:103C100000E0022002BD38B5040020680168206879
:103C2000C268206843690020002011F00F000028BE
:103C300007D18D0605D5950603D5200000F00FFAB3
:103C40002AE1002870D0D80702D412F4907F6BD0FC
:103C50000800C00705D5D00503D5206C50F0010041
:103C60002064480706D51800C00703D5206C50F023
:103C700002002064880706D51800C00703D5206C11
:103C800050F004002064080707D5900601D4D80737
:103C900003D5206C50F008002064206C002842D02E
:103CA000880604D5900602D5200000F0D8F92068D7
:103CB0004069800910F00100216C090701D4002837
:103CC0002CD0200000F050F920684069400621D532
:103CD0002068143050E8001F31F04001206810F1D6
:103CE000140242E800100028F2D1A06B00280DD089
:103CF0000FF2D920A16B0865A06B01F077FA0028BC
:103D000011D0A06BA16B096D88470CE0200001F079
:103D100080FA08E0200001F07CFA04E0200001F0C5
:103D200078FA00202064B7E0206B012840F0A480DE
:103D3000C80640F1A180D00640F19E80002000908E
:103D40002068006800902068406800900098206813
:103D50004069400655D5A06B00684068010089B2F3
:103D600000294DD00100A28D89B2914248D2E08550
:103D7000A06BC069B0F5807F3BD020680C3050E864
:103D8000001F31F48071206810F10C0242E800102D
:103D90000028F2D12068143050E8001F490849007B
:103DA000206810F1140242E800100028F2D12068C7
:103DB000143050E8001F31F04001206810F1140267
:103DC00042E800100028F2D1202084F83E000020B4
:103DD000206320680C3050E8001F31F0100120688B
:103DE00010F10C0242E800100028F2D1A06B01F0A3
:103DF000AFF9A18DE08D091A89B2200001F00AFA0D
:103E00004AE0A08DE18D411AE08D002833D00800F2
:103E100080B200282FD020680C3050E8002F32F4F8
:103E20009072206810F10C0343E800200028F2D1C2
:103E30002068143050E8002F52085200206810F11A
:103E4000140343E800200028F2D1202084F83E002B
:103E50000020206320680C3050E8002F32F0100260
:103E6000206810F10C0343E800200028F2D189B249
:103E7000200001F0CFF90FE0080605D5100603D5A4
:103E8000200000F0ADF807E0480605D5500603D540
:103E9000200000F0D6F8FFE731BD2DE9F041050024
:103EA0000E0090461F00069C286800683040B04213
:103EB00001D1012000E000204146C9B288422ED144
:103EC00014F1010FF0D0002C04D001F04DF8C01B0C
:103ED0008442E9D228680C3050E8001F31F4D071D8
:103EE000286810F10C0242E800100028F2D128687E
:103EF000143050E8001F49084900286810F11402E6
:103F000042E800100028F2D1202085F83D00202052
:103F100085F83E00002085F83C00032000E00020EA
:103F2000BDE8F08181628285C28500210164222181
:103F300080F83E10002180F83C100169002905D06E
:103F40000168C96851F480710268D16001684969EB
:103F500051F00101026851610168C96851F0200106
:103F60000068C1600020704701680C3151E8002FE3
:103F700032F49072016811F10C0343E8002100292A
:103F8000F2D10168143151E8002F52085200016843
:103F900011F1140343E800210029F2D1016B01293A
:103FA0000CD101680C3151E8002F32F01002016889
:103FB00011F10C0343E800210029F2D1202180F8FF
:103FC0003E100021016370470000000080B5806B47
:103FD0000021C1850021C18401F01BF901BD000051
:103FE00090F83D1021292AD18168B1F5805F0CD16C
:103FF0000169002909D1016A0988C905C90D02684A
:104000005160016A891C016205E0016A4A1C026272
:10401000097802685160C18C491EC18489B20029A7
:104020000BD10168C96831F080010268D160016874
:10403000C96851F040010068C160002000E0022022
:10404000704780B50168C96831F040010268D160ED
:10405000202180F83D1001F0DEF8002002BD80B57F
:1040600090F83E1022296DD18168B1F5805F0DD1A5
:10407000016900290AD10021816A02685268D205CB
:10408000D20D0A80816A891C816217E0826A002150
:104090008168B1F5805F05D08168002906D101698A
:1040A000002903D101684968117004E0016849687A
:1040B00011F07F011170816A491C8162C18D491E16
:1040C000C18589B200293BD10168C96831F020015E
:1040D0000268D1600168C96831F480710268D160FA
:1040E000016849694908490002685161202180F846
:1040F0003E10016B01291FD10021016301680C31C1
:1041000051E8002F32F01002016811F10C0343E86E
:1041100000210029F2D101680968C90608D50021EB
:10412000009101680968009101684968009100994F
:10413000818D01F06FF801E001F08EF9002002E0BE
:10414000002000E0022002BDF8B5040020680169EB
:1041500031F44051E068014320680161A1682069A1
:10416000014360690143E06901432068C268644813
:10417000024011432068C1602068416931F44071F8
:10418000A06901432068416120685E49884203D0EC
:1041900020685D49884203D101F06EFA050002E013
:1041A00001F05FFA0500E069B0F5004F54D1192025
:1041B000A0FB050162680223A3FB022300F04AFB77
:1041C0006421B0FBF1F61920A0FB0501626802230F
:1041D000A3FB022300F03EFB07001920A0FB050112
:1041E00062680223A3FB022300F034FB6421B0FBCE
:1041F000F1F17FF0630000FB0171C80032306421EF
:10420000B0FBF1F77F0017F4F87717EB06171920CA
:10421000A0FB050162680223A3FB022300F01AFB46
:1042200006001920A0FB050162680223A3FB0223FC
:1042300000F010FB6421B0FBF1F17FF0630000FBA4
:104240000166F00032306421B0FBF1F010F007009D
:10425000C7192068876052E01920A0FB0501626839
:104260000423A3FB022300F0F5FA6421B0FBF1F66E
:104270001920A0FB050162680423A3FB022300F0C0
:10428000E9FA07001920A0FB050162680423A3FBDB
:10429000022300F0DFFA6421B0FBF1F17FF063004C
:1042A00000FB0171080132306421B0FBF1F717F017
:1042B000F00717EB06171920A0FB0501626804231D
:1042C000A3FB022300F0C6FA06001920A0FB05019B
:1042D00062680423A3FB022300F0BCFA6421B0FB54
:1042E000F1F17FF0630000FB0166300132306421A0
:1042F000B0FBF1F010F00F00C71920688760F1BD26
:10430000F369FFFF0010014000140140613807E02D
:1043100005E0A0F161011A2901D20120704741385E
:104320001A288041C00F7047A0F10901052901D367
:10433000202801D10120704700207047A0F14101E1
:104340001A2938BF2030704701487047014870472C
:104350004000002008000020C9B202788A421AB149
:104360001CBF10F8012FF9E718BF002070470000AC
:1043700080B500B906A005490B681BB122220021B7
:10438000984701E001F092F9222002BDF47C002060
:10439000636F6E73747261696E742068616E646CB1
:1043A00065723A20626164206D65737361676500B0
:1043B00010B5144600F002F8226010BDC1F30A5394
:1043C00043B14A0012F5001F28D2A3F2FE32A1EB3E
:1043D0000251704750EA410C20D001F0004C31EA04
:1043E0000C01B1FA81F204BFB0FA80F3D2180B3A93
:1043F000B2F120032CBF00FA03F1914041EA0C0115
:104400003EBFC2F1200C20FA0CF3194390405242F7
:1044100040F2FD33D21A01EB03517047002270477E
:1044200041EA030C50EA4C0C52EA0C0C4FF4001C0D
:1044300009D307D01CEB410F9CBF1CEB430F8B42F1
:1044400008BF824270471CEB430FFBD8994208BF5C
:1044500090427047124254D440F2FF7C1CEA115340
:104460000FD0634531D09B1863453CBF01EB02512F
:10447000704701F0004141EA0C510020AFF3008089
:10448000704750EA410320D001F0004C91EA0C0142
:104490001CD0B1FA81F30B3B9A420DD9D21A994044
:1044A00051EA0C01C3F1200C20FA0CFC6144984045
:1044B000531C40F2FF7CD7E7914041EA0C01C2F166
:1044C000200C20FA0CF3194390407047B0FA80F3A7
:1044D0001533202BE0D3202AEED3203A203B9A42FA
:1044E00009D9D21A00FA03F141EA0C010020531C49
:1044F00040F2FF7CB8E700FA02F141EA0C0100202B
:104500007047524240F2FF7C1CEA11530DD06345C4
:10451000DBD0B2EB030C3CBFA1EB025170470CF1B6
:10452000010221EA035141F4801150EA410CCCD040
:1045300001F0004C352A27DC30B481EA0C01B2F1DD
:10454000200309DAC2F12003044601FA03F5D04042
:104550002843D1409C400CE0C3F12002450020FAE2
:1045600003F418BF44F0010421FA03F091400C4316
:10457000002174F1004550F1000051EB0C01244280
:1045800030BC7FF47BAF70476146002076E70000C7
:1045900010F0004160B148BF4042B0FA80F2904054
:1045A000D21CC2F5846241EA025202EBD0214005DE
:1045B0007047000070B491EA030F4FF0004540F1DE
:1045C000BF806B40841A71EB030604D26E40001B5F
:1045D000B141121973414FF4001C1CEB410F34BF61
:1045E0007CEB430683E00C0DA4EB1356362E00F350
:1045F0007C80012E45EAC32341DC43EA525312BFBB
:10460000D20292025B08240545EAC12141EA5051D9
:10461000D2EBC020994125D407D1B0FA80F610FA28
:1046200006F162D00020203608E0B1FA81F6B140F0
:10463000C6F1200220FA02F21143B0404FEAF474AE
:10464000B4EB465434F001064FEA74040AD8D6F5A8
:104650000016760D04F00044F04061FA06F2504076
:10466000F1404840C00A40EA415021F0004128BFD3
:104670005FEA500550F1000044EBD12135E0DB0A40
:1046800045EAC121C90AB6F120050EDD42EA02421F
:10469000120CC5F1200603FA06F6EB4042EA0605C5
:1046A0006D42984161F100010DE062FA06F5F240B9
:1046B000554063FA06FC82EA0C02F3405A406D4210
:1046C000904161EB030111F4801F05D1641E620566
:1046D00002D06D004041494121F48011430875F139
:1046E000004350F1000041EB045170BC70471CEBDB
:1046F000410F15D223F0004352EA43060BD04FEA94
:104700004C0CBCEB410F04D80C0D661E342EB7DDEB
:10471000EBE7801A994150EA410608BF0021E4E71F
:1047200008BF1CEB430F28BF6FF00001DDE700005E
:1047300070B491EA030F4FF000457FF543AF6B4033
:10474000841A71EB030603D2001BB14112197341A5
:104750004FF4001C1CEB410F34BF7CEB430442E0E0
:104760000C0DA4EB1356352E4FDC45EAC323DB0AB0
:1047700045EAC121C912B6F120050DDD63FA05F63F
:10478000EB4086EA0305124218BF45F00105C01848
:1047900051F100010CD213E062FA06F5F2405540E7
:1047A000F3415A40B340F3405A408018594107D36F
:1047B00049085FEA30005FEA350528BF45F001058A
:1047C00001F58011420875F1004250F1000041EB03
:1047D00004514E0016F5001F70BC38BF7047002012
:1047E000090D090570471CEB410F10D252EA430630
:1047F0000BD0BCEB410F05D80C0DAB43661E342E1D
:10480000B6DD02E0AB438018594170BC704770BC04
:1048100070470000400D40F21E4C40EAC120BCEB46
:10482000115C40F0004003D48CF30701C84070478E
:104830006FEAE1707047000050B1B0FA80F1884033
:10484000C91CC1F58461090501EBD0214005704701
:1048500001467047BBBBE1B1B2F5803F80F07E807E
:10486000022A1ED98C46B1FBF2F102FB11C31B04D4
:1048700043EA1043B3FBF2FC02FB1C3380B240EA74
:104880000343B3FBF2F002FB103240EA0C4000237A
:104890007047022A05D98446B0FBF2F002FB10C231
:1048A00070474AB105D100F0010249085FEA3000C3
:1048B000704700220023704700F0FCBE0B0002008E
:1048C000002100207047904271EB030CF6D3B3F542
:1048D000803F2FD2F0B5B3FA83F7B1FA81F4A7F194
:1048E0000F0E3D1B5340CEF1200602FA0EF2F341AB
:1048F0005340B5F10F0746D80F3C2C444140C4F15A
:104900002006A040F1414140B1FBF3F603FB161134
:10491000A2FB0645001BA94102D2761E8018594110
:1049200080EA010221FA0EF362FA0EF200215A40E7
:104930003046F0BD30B4B1FBF3FC03FB1C11A2FB0D
:104940000C45001BA94103D2ACF1010C8018594160
:1049500030BC02460B46604600217047B2F1807FB2
:1049600065D3F0B5B2FA82F7B1FA81F4C7F10F0658
:104970003D1B22FA06F307F1110EF24120355A4091
:10498000B5F10F07B8D94140C4F12006A040F1416C
:104990004140B1FBF3FC03FB1C11A2FB0C45001BC7
:1049A000A94103D2BCF1010C801859410F2F12D339
:1049B0000F3FC90341EA5041B1FBF3F603FB161167
:1049C000A2FB0645D4EBC030A94102D2761E801866
:1049D000594146EACC3C07B34140C7F12006B840F4
:1049E000F1414140B1FBF3F603FB1611A2FB064572
:1049F000001BA94102D2761E8018594180EA0102AB
:104A000021FA0EF3C7F1200462FA0EF20CFA07F055
:104A10005A402CFA04F13043F0BD80EA010221FA39
:104A20000EF3002162FA0EF260465A40F0BD8C4649
:104A3000B1FBF2F102FB11C31B0243EA1063B3FBAB
:104A4000F2FC02FB1C331B024CEA002043EA106319
:104A5000B3FBF2FC02FB1C331B024CEA002043EACE
:104A60001063B3FBF2FC02FB1C331B024CEA002078
:104A700043EA1063B3FBF2FC02FB1C324CEA002059
:104A8000002370472DE9F84305460C462E680027A1
:104A900000E0761C3078FDF742FA0028F9D1307832
:104AA0002D280CBF08272B2800D1761C307840F029
:104AB00020016E2927D1707840F02000612802BFC4
:104AC000B07840F020006E2802D02E68002746E023
:104AD000F61CB046042798F8000028283FD118F8A3
:104AE000019F484600F0E7FD0028F8D1A9F1300009
:104AF0000A28F4D398F800005F28F0D029282ED196
:104B000008F101062BE069292CD1707840F02000D3
:104B10006E2802BFB07840F02000662802D02E68D0
:104B200000271CE016F8030F40F02000692802BFA0
:104B3000707840F020006E2847F003070FD1B0785E
:104B400040F02000692802BFF07840F0200074286F
:104B500005D1307940F02000792808BF761DF4B1E6
:104B600026601CE0302802BF707840F020007828D2
:104B700013D1B01C01782E2908BF401C0078A0F189
:104B80006101062921BFA0F14102062A30380A2816
:104B900003D2B61C47F0020701E047F001072E6080
:104BA0003846BDE8F28300002DE9F14F8CB04FF09C
:104BB0000008169DC34605EBC5052D2DC3F800B0B2
:104BC0009246C8BF2D25C3F804B0D94602E0491C5F
:104BD0004FF0010908783028F9D0002411E0186856
:104BE000401C18600A78302A08D04FF0010805E010
:104BF000AC42F4DA30380DF80400641C491C4FF064
:104C000001090878A0F130020A2AF1D30F461E46A6
:104C1000FFF79CFB406A39780278914208BF7F1CFD
:104C2000002C48460ED1397830290BD13068401E0F
:104C300030607F1C0120F6E7302918BF4FF00108D3
:104C40007F1C01203978A1F130020A2A0AD2AC4235
:104C5000F2DAA1F130000DF80400641C3268521E33
:104C60003260EDE7B8F1000F0DD00DF1FF314A5D74
:104C7000521C4A5507E00DF1FF32115D49B9326807
:104C8000521C3260641E002CF5DC04BF8DF800B0AD
:104C90000124002857D04FF0090994FBF9F9C4F119
:104CA000090309EBC9010B44092193FBF1F100222F
:104CB00001EBC101591A1AD04FF0010B17E056F859
:104CC0002B1001EB810105EB410146F82B100CE0A4
:104CD000092193FBF1F101EBC1011DF80250591AB2
:104CE000EDD10BF1010B46F82B505B1C521CA2427C
:104CF000EEDB397841F02001652924D1394617F8D7
:104D0000012F164D2B2A16BF2D2A17F8014B2B24E5
:104D10000022002308E0AB4204DA03EB83020CEB31
:104D20004203303B7F1C012297F800C0ACF1300EEB
:104D3000BEF10A0FEFD32D2C346808BF5B421B195C
:104D4000336002B90F46BAF1000F03D000B90C9FCF
:104D5000CAF8007058460DB0BDE8F08F00E1F505C7
:104D60002DE9F14F8CB04FF0000ADDF85880C3F800
:104D700000A0C8EBC808B8F1230FC8BF4FF0230844
:104D80009146C3F804A0002701E0491C01270878D8
:104D90003028FAD068A201925FF000046CA2009261
:104DA0000DF1080B0D461E460EE03068401C3060C9
:104DB00008E0A045F9DB019A0099801A085C0BF81D
:104DC0000400641C6D1C012795F800105AA01622DF
:104DD000FDF7BAF80028ECD1FFF7B8FA406A297855
:104DE0000278914208BF6D1CB4B92878302813D1DD
:104DF0003168491E31606D1C0127F6E7A04509DBCB
:104E0000019A0099801A085C0BF80400641C316850
:104E1000491E31606D1C01272978162246A0FDF736
:104E200093F80028EAD1A04517DA1BF808100729E3
:104E300006DD0DF1070111F80820521C01F80820C9
:104E400044463268521C326007E00DF10702115DE2
:104E500049B93268521C3260641E002CF5DC04BF74
:104E60008DF808A0012431688900002F316055D0E9
:104E70004FF0070C94FBFCFCC4F10703CCEBCC0C0B
:104E80006344072193FBF1F10022C1EBC101591AE0
:104E900018D04FF0010A15E056F82A100CEB01105B
:104EA00046F82A000CE0072193FBF1F1C1EBC101A8
:104EB0001BF802C0591AEFD10AF1010A46F82AC0BC
:104EC0005B1C521CA242EEDB297841F020017029C4
:104ED00024D1294615F8012F16482B2A16BF2D2A52
:104EE00015F8014B2B240022002308E0834204DA4A
:104EF00003EB83020CEB4203303B6D1C012295F85F
:104F000000C0ACF1300EBEF10A0FEFD32D2C346887
:104F100008BF5B421B19336002B90D46B9F1000F9F
:104F200003D007B90C9DC9F8005050460DB0BDE83C
:104F3000F08F000000E1F50530313233343536377B
:104F40003839616263646566414243444546000006
:104F5000000102030405060708090A0B0C0D0E0FD9
:104F60000A0B0C0D0E0F000001480068704700BFCF
:104F7000F07C002080B56D486D4908604FF46140B9
:104F80006B49486000206A49886000206849C86011
:104F90000020674908610C20654948610020644988
:104FA000886100206249C8616148FEF775FD0028EC
:104FB00001D000F092FB01BD80B55E485E490860FB
:104FC0005FF4E1305C49486000205B498860002064
:104FD0005949C8600020584908610C205649486169
:104FE00000205549886100205349C8615248FEF7A6
:104FF00053FD002801D000F070FB01BD38B586B02C
:105000000400142100226D462800FCF72FFA2068C6
:105010004649884242D1002005904848006850F037
:105020001000464908604548006810F010000590DF
:105030000598002005904248006850F00100404962
:1050400008603F48006810F00100059005984FF493
:105050000070009002200190002002900320039035
:10506000072004906946374800F03AFB4FF480600F
:10507000009002200190012002900320039007205D
:10508000049069462F4800F02BFB002200212520C8
:1050900000F090FD252000F09EFD45E020682549A8
:1050A000884241D1002005902748006850F48020B4
:1050B000254908602448006810F480200590059870
:1050C000002005901E48006850F008001C49086048
:1050D0001B48006810F00800059005984FF4807098
:1050E00000900220019000200290032003900720EE
:1050F00004906946154800F0F3FA4FF400700090F0
:1051000002200190012002900320039007200490C8
:1051100069460E4800F0E4FA00220021272000F042
:1051200049FD272000F057FD07B030BD00100140B9
:10513000887B002000480040CC7B0020443802409F
:10514000303802400000024040380240000C02406B
:1051500070B50400A56DFFF707FF060094F8350051
:10516000022806D080206065002084F834000120E9
:105170003BE02068006830F0160021680860206875
:10518000406930F0800021684861206C002802D11D
:10519000A06C002805D02068006830F00800216865
:1051A00008602068006840084000216808602068A6
:1051B0000068C0070ED5FFF7D7FE801B0628F6D380
:1051C00020206065032084F83500002084F8340036
:1051D00003200AE03F21E06D8140A960012084F8AE
:1051E0003500002084F83400002070BD90F83510A0
:1051F000022903D080214165012009E0052180F8C2
:1052000035100168096849084900006801600020FC
:10521000704770477047704738B50400002525E097
:105220002100A64A2B00DBB206204343D05A89B2A4
:1052300081421AD1A1492A00D2B206204243114428
:10524000D1F802009D4A2B00DBB206214B43D15A14
:1052500000F0E2FB002808D10121994A2B00DBB2C3
:105260000620434302EB0300C1706D1C2800C0B24E
:105270000828D5DB092525E02100904A2B00DBB268
:1052800006204343D05A89B281421AD18B492A0061
:10529000D2B2062042431144D1F80200874A2B00C3
:1052A000DBB206214B43D15A00F0B6FB002808D1EF
:1052B0000121834A2B00DBB20620434302EB0300AB
:1052C000C1706D1C2800C0B20B28D5DB0E2525E06F
:1052D00021007A4A2B00DBB206204343D05A89B220
:1052E00081421AD175492A00D2B2062042431144A4
:1052F000D1F80200714A2B00DBB206214B43D15A90
:1053000000F08AFB002808D101216D4A2B00DBB296
:105310000620434302EB0300C1706D1C2800C0B29D
:105320001128D5DB6548B0F86600A4B284420DD1DF
:105330006249886E6149B1F8661000F06DFB002883
:1053400004D160480078401C5E49087031BD80B5CA
:1053500001685D4A1268914252D15C48007810F0B1
:105360000100002828D15A480088401C584908806C
:1053700056480078C0F30010C0B2002805D0554848
:105380000088401C5349088004E053480088401CB2
:10539000514908805148007801280DD150480088B3
:1053A000411C4F4A118080B2C92805DB00204B49BF
:1053B000087001204B4908704B480068401C4A495E
:1053C000086049480068642806D300204649086000
:1053D0000421464800F033FB4248007801283AD1C6
:1053E00000204049087000204149087000203C49D5
:1053F00008803648007850F00400344908702AE0EC
:1054000000683C490968884225D13048807810F00E
:10541000010000280DD138480088401C364908801A
:1054200035480088322804DB00203349088000F02A
:10543000F3FB32480068401C304908602F48006880
:10544000322806D300202D4908600821274800F0A3
:10545000F6FA00F00FFC01BD10B50068284988423B
:105460002AD100201C49088001201C490870002016
:105470001B490880234800782349234AB2F8262490
:10548000114488702048B0F82604401C1E49A1F839
:1054900026041D48B0F8260440F22341884206DB6A
:1054A00040F64E010022184C2000FBF7DFFF0122DE
:1054B00014491648FEF791FB10BD0000007800204B
:1054C000A87800200E7D0020687A0020E47C00206F
:1054D000047D0020FE7C0020067D00200A7D002047
:1054E000007D00200B7D0020DC7C002000080240B5
:1054F00088000020F87A0020027D0020E07C002057
:10550000001001400D7D0020F46B0020887B0020FE
:1055100070B504000D00002C01D101209DE05C4815
:10552000006810F00700A84209D259480570584891
:10553000006810F00700A84201D001208DE020781B
:10554000800719D52078400705D55248006850F4E7
:10555000E050504908602078000705D54D480068A4
:1055600050F460404B4908604A48016831F0F0014E
:10557000A0680143474801602078C00736D56068BD
:10558000012805D144480068800313D4012064E059
:105590006068022802D06068032805D13E48006890
:1055A000800107D4012058E03B480068800701D4FF
:1055B000012052E03748016889088900606801438A
:1055C00034480160FFF7D0FC06003248006810F054
:1055D0000C006168B0EB810F08D0FFF7C5FC801BA1
:1055E00041F289318842F0D3032036E02848006830
:1055F00010F00700854209D225480570244800684C
:1056000010F00700A84201D0012026E020784007D2
:1056100007D52048016831F4E051E06801431D4896
:1056200001602078000708D51A48006830F460400F
:10563000216950EAC1001749086000F08BFC174946
:10564000144A1268C2F30312895CC8401449086006
:105650001448006800F0C0FC002070BD10480068CD
:10566000704780B5FFF7FAFF0F490A4A1268C2F384
:105670008222895CC84002BD80B5FFF7EFFF0A496E
:10568000044A1268C2F34232895CC84002BD00007D
:10569000003C02400838024000380240A0B902082D
:1056A0000400002000000020E4BA0208012000F0FD
:1056B000B9BC0000704710B50446FEF745FE014630
:1056C00020460969BDE81040084780B500F0B4FCE9
:1056D00000F0D2FC00F0F2FCFCE772B6FEE700003E
:1056E00078B4002200220022002341E0082604E0D2
:1056F000DFF880239042F9D10726F6B213F00302B7
:10570000D2B2920096403543DFF86C231E00B608F3
:1057100042F82650DFF864231268A2434D68ED0278
:1057200000D52243DFF854532A60DFF8542312686F
:10573000A2434D68AD0200D52243DFF844532A60EE
:10574000DFF840231268A2434D68AD0300D5224321
:10575000DFF830532A60DFF830231268A2434D6827
:10576000ED0301D514432200DFF81C4322605B1CCB
:10577000102B80F0AA8001229A400C6814409442B9
:10578000F5D10A7912F00302012A04D00A7912F045
:105790000302022A17D1856803261A00D2B25200EA
:1057A0009640B543CE681A00D2B2520096403543B7
:1057B0008560426801259D40AA434D68C5F30015E8
:1057C0009D402A4342600A7912F00302032A0DD059
:1057D000C56803261A00D2B252009640B5438E68BF
:1057E0001A00D2B2520096403543C5600A7912F0D1
:1057F0000302022A17D11A00D20800EB8202156AAE
:105800000F2613F00702D2B292009640B5430E69FC
:1058100013F00702D2B29200964035431A00D20824
:1058200000EB82021562056803261A00D2B252000C
:105830009640B5430E7916F003061A00D2B2520014
:105840009640354305604A6812F4403F8FD00022ED
:1058500000928E4A126852F480428C4D2A608B4A24
:10586000126812F480420092009A834A1D00AD082B
:1058700052F825500F2613F00302D2B29200964040
:10588000B543834A904201D1002636E7814A9042CF
:1058900001D1012631E7804A904201D102262CE74E
:1058A0007E4A904201D1032627E77D4A904201D1EA
:1058B000042622E77B4A904201D105261DE77A4A59
:1058C00090427FF415AF062617E771BC704770B49D
:1058D000002200220022002364E0082603E0654A3B
:1058E0009042FAD10726F6B213F00302D2B2920028
:1058F0009640B54227D1644A1268A243624D2A609D
:10590000604A1268A2435F4D2A605D4A1268A24352
:105910005B4D2A60594A126832EA0404574A1460FF
:105920000F2413F00302D2B2920014FA02F2524C86
:105930001D00AD0854F8254034EA02024E4C1D000B
:10594000AD0844F82520046803251A00D2B252009D
:105950009540AC4304601A00D20800EB82041A00A0
:10596000D20800EB8202156A0F2613F00702D2B2AA
:1059700092009640B5432562C46803251A00D2B24E
:1059800052009540AC43C460426801249C40A2434D
:105990004260846803251A00D2B252009540AC439D
:1059A00084605B1C102B35D201229A4012EA01045C
:1059B0009442F6D1304A1D00AD0852F825500F260A
:1059C00013F00302D2B2920096403540304A904222
:1059D00001D1002687E72F4A904201D1012682E7B4
:1059E0002D4A904201D102267DE72C4A904201D1F6
:1059F000032678E72A4A904201D1042673E7294A10
:105A0000904201D105266EE7274A90427FF467AFA6
:105A1000062668E770BC7047006989B2084201D069
:105A2000012000E00020C0B27047D2B2002A02D0AC
:105A300089B2816102E089B20904816170474269DB
:105A40000B009BB2134089B2914351EA034181613B
:105A5000704780B515490968020092B2114206D01C
:105A6000010089B2114A116080B2FFF7D5FB01BD78
:105A700000000000001C024008380140083C0140C2
:105A80000C3C0140043C0140003C014044380240D1
:105A9000000002400004024000080240000C0240E6
:105AA000001002400014024000180240143C014063
:105AB00010F00700DFF83C110A684FF6FF010A40BA
:105AC00052EA0022DFF830010243DFF828010260C9
:105AD000704748480068C0F302207047010049B28F
:105AE000002908D4012210F01F018A40434940B226
:105AF000400941F820207047010049B200290CD428
:105B0000012210F01F018A403D4940B2400941F88E
:105B10002020BFF34F8FBFF36F8F7047020052B248
:105B2000002A04D40901374A40B2115407E00901A0
:105B3000354A40B210F00F00104400F8041C7047C2
:105B400010B410F00700D0F10703052B01D3042394
:105B500001E0D0F10703041D072C01D2002000E072
:105B6000C01E012414FA03F35B1E19408140012377
:105B700013FA00F0401E1040084310BC704780B577
:105B8000411EB1F1807F01D301200EE0401E1F496C
:105B900008600F215FF0FF30FFF7C0FF00201C49B5
:105BA000086007201B490860002002BD80B5FFF790
:105BB0007FFF01BD70B504000D0016000020FFF747
:105BC00088FF32002900FFF7BBFF0100200040B230
:105BD000FFF7A4FF70BD80B540B2FFF77FFF01BDA6
:105BE00080B540B2FFF788FF01BD80B5FFF7C7FF62
:105BF00002BD00000CED00E00000FA0500E100E04D
:105C000080E100E000E400E018ED00E014E000E0D6
:105C100018E000E010E000E080B5024800F08AFAE9
:105C200001BD00BFBC7C002010B5A8210022AA4CF9
:105C30002000FBF71BFC0020A74908700120A649A3
:105C400088710220A44908730620A34981F8240022
:105C50000420A149087607209F4981F82A000320E3
:105C60009D49887405209C49887709209A4981F8C4
:105C7000360010BD80B50521974800F069FA05216E
:105C8000964800F065FA0521954800F061FA052173
:105C9000944800F05DFA0521934800F059FA052177
:105CA000924800F055FA0521914800F051FA05217B
:105CB000904800F04DFA05218F4800F049FA01BDE7
:105CC00080B585480079012805D18C48FBF7C3FBD6
:105CD000814800F035FA01BD80B57F48807A0128FF
:105CE00005D18748FBF7B7FB7C4800F029FA01BDD6
:105CF00080B57948007C012805D18248FBF7ABFBD1
:105D0000774800F01DFA01BD80B5734890F828006F
:105D1000012823D17C48FBF79EFB01217B4800F042
:105D20005DFA01217A4800F059FA0121794800F022
:105D300055FA002000F020FB00F048FB002000F0A6
:105D400003FB684800F030FA0128FAD0012000F087
:105D5000FBFA00F04AFB634800F0F2F901BD80B5A0
:105D60005D48807D012827D16B48FBF774FB01213A
:105D7000664800F033FA0121654800F02FFA01214E
:105D8000664800F02BFA0121624800F027FA012052
:105D900000F0F2FA00F01AFB002000F0D5FA5448A7
:105DA00000F002FA0128FAD0012000F0CDFA00F04C
:105DB0001CFB4F4800F0C4F901BD80B54648007F88
:105DC000012818D15648FBF746FB4348407F401C4A
:105DD000414948774048407FC00703D5012000F083
:105DE0009BFB02E0002000F097FB642000F05EFEC9
:105DF0003D4800F0A5F901BD80B5374890F82E0068
:105E000001281DD14748FBF726FB334890F82F00A7
:105E1000401C314981F82F002F4890F82F00C0070F
:105E200004D500213D4800F0D9F903E001213B48A9
:105E300000F0D4F9642000F039FE2C4800F080F91D
:105E400001BD80B5244890F8220001281DD13648B4
:105E5000FBF701FB204890F82300401C1E4981F805
:105E600023001D4890F82300C00704D500212848CE
:105E700000F0B4F903E00121254800F0AFF96420F7
:105E800000F014FE1B4800F05BF901BD80B512481C
:105E900090F83A0001281DD12348FBF7DCFA0E48A0
:105EA00090F83B00401C0C4981F83B000A4890F8F0
:105EB0003B00C00704D50021164800F08FF903E02D
:105EC0000121144800F08AF9642000F0EFFD0A482F
:105ED00000F036F901BD0000A8780020AE7800205F
:105EE000B4780020CC780020C0780020D278002040
:105EF000BA780020C6780020DE78002030B502088D
:105F000044B5020858B5020800B20208CA7C002055
:105F1000CE7C0020CC7C00201CB20208C87C002073
:105F200068B3020838B202086CAF020880B5FFF708
:105F3000C7FEFFF7D1FEFFF7DBFEFFF7E5FEFFF739
:105F40000EFFFFF73AFFFFF757FFFFF77AFFFFF764
:105F50009DFF01BD00B500200020002000201B484F
:105F6000006810F00C00002804D0042804D0082891
:105F700004D029E0164828E0154826E015480268B4
:105F800012F03F021348006840020AD51148006829
:105F9000C0F388100E49A1FB00010023FEF75AFC54
:105FA00009E00C480068C0F388100949A1FB000112
:105FB0000023FEF74FFC07490968C1F30141491C62
:105FC0004900B0FBF1F000E0014800BD0838024094
:105FD0000024F4000438024010B504004FF47A7035
:105FE0000D490978B0FBF1F00C490968B1FBF0F0FC
:105FF000FFF7FBFD002801D001200CE0102C09D296
:10600000002221005FF0FF30FFF7D4FD0448046058
:10601000002000E0012010BD8900002004000020C5
:106020000000002080B5AFF30080024A1100182064
:10603000ABBEFBE72600020080B50E48006850F4B6
:1060400000700C4908600B48006850F480600949F2
:1060500008600848006850F4807006490860032012
:10606000FFF7A4FD0020FFF7B7FF00F033FD00208D
:1060700002BD0000003C024080B500F01BFD00F0B6
:1060800071FD00F0CDF8FFF7CFFD00F0A2FD00F0AC
:1060900035FA00F0B9FD00F0E1FD012000F03CFA16
:1060A000012000F0BFFD002000F04EF90948FBF789
:1060B000D2F90C210748FBF7FFFE01BD80B5FFF7C1
:1060C00035FF00F061FD00F0F6FE01F036F801F05A
:1060D0002DFA01BD30B7020838B50400002C01D1FB
:1060E000012026E04CF6CC402168086045F255506E
:1060F00021680860606821684860A068216888603D
:10610000FEF732FF05002068C06810F0030F0BD0C7
:10611000FEF72AFF401B3228F5D32068C06810F034
:10612000030FF0D0032004E04AF6AA20216808609B
:10613000002032BD4AF6AA210068016000207047A5
:106140000021A0F801100021C170002101717047E9
:1061500010B50400E078012825D1B4F80100421CF4
:10616000A4F8012080B289B288421CD31A4922784F
:10617000062042431144D1F80200174A2378062131
:106180004B43D15AFFF748FC002807D1207900285B
:1061900001D1012020710020E07002E02000FFF713
:1061A000CFFF0020E07010BD80B50B4A03780621B8
:1061B0004B4302EB0301D1F8022007490378062084
:1061C0004343C95A1000FFF727FC002801D10120E2
:1061D00000E0002002BD00000078002080B5C9B2B8
:1061E00000290ED14B49027801EBC201D1F80230EF
:1061F00000224849007831F830101800FFF715FCEC
:106200000DE04449027801EBC201D1F802300122CD
:106210004049007831F830101800FFF706FC01BD46
:1062200010B5082100223C4C2000FBF71FF901208B
:106230003949887003203849887100203649087030
:10624000022035490871002408E00121324822006B
:10625000D2B200EB4200FFF7C1FF641C2000C0B2C5
:106260000428F2DB10BD80B52C48FBF7F4F80021C0
:106270002948FFF7B3FF322001F0D2F92848FBF795
:10628000EAF8284800F08CFC0128FAD04FF47A7024
:1062900001F0C6F92448FBF7DEF801211E48FFF79C
:1062A0009DFF322001F0BCF92048FBF7D4F82048CC
:1062B00000F076FC0128FAD0642001F0B1F91D4805
:1062C000FBF7C9F801BD80B51B48FBF7C4F80021F6
:1062D0001A48FFF783FF142001F0A2F9184800F0D4
:1062E0005FFC0028FAD0C82001F09AF90121134878
:1062F000FFF774FFC82001F093F9114800F050FC3B
:106300000128FAD0642001F08BF90E48FBF7A3F8BE
:1063100001BD000048770020C87C002050B702086B
:106320006CB50208B47C002080B5020894B5020860
:10633000B27C002080B30208A8B50208CC7C002003
:10634000B87C002098B3020880B5C0B2002809D1FB
:106350006349D1F8B20000226149B1F8B010FFF7EB
:1063600064FB08E05E49D1F8B20001225C49B1F853
:10637000B010FFF75AFB01BD80B5C0B2002809D1AB
:106380005749D1F8AA0000225549B1F8A810FFF7E3
:106390004CFB08E05249D1F8AA0001225049B1F85B
:1063A000A810FFF742FB0A2001F03AF901BD80B5C1
:1063B0004FF47A7001F024FA00214A4801F065FC9C
:1063C0004FF4FA7047490968486301BD80B54FF43E
:1063D0007A7001F015FA0021424801F056FC4FF4A2
:1063E000FA7040490968486301BD80B500213D4805
:1063F00001F0D1FC3B4801F07AFB01BD38B5050046
:106400000C002800C0B2FFF7B7FF02F0F3F9FFF766
:10641000CEFF0020FFF798FFEDB2002D2BD102F048
:10642000F1F9020092B230493048FBF751F9304996
:1064300008702E48FBF70FF802F0E4F90528FBDBA3
:1064400002F0E0F94FF6FC718842F5DA02F0DAF971
:106450008442FBD20120FFF777FF02F0D3F980B22C
:10646000020024492148FBF733F9214908701F48ED
:10647000FAF7F1FF2FE002F0C5F980B202001E49E1
:106480001A48FBF725F91A4908701848FAF7E3FF8C
:1064900002F0B8F94FF6FD718842F9DB02F0B2F96B
:1064A0000528F5DB02F0AEF94FF6FF72210089B244
:1064B000521A9042F6DA0120FFF746FF02F0A2F9E5
:1064C00080B202000B490948FBF702F9084908703D
:1064D0000648FAF7C0FFFFF788FF02F098F931BDD0
:1064E00048770020407B0020ECB00208107C0020A0
:1064F0000F7D0020B0B302080CB1020880B5012066
:10650000114908701149D1F87A0001220F49B1F8F8
:106510007810FFF78AFA01BD80B5C0B2002809D112
:106520000A49D1F87A0000220849B1F87810FFF73B
:106530007CFA08E00549D1F87A0001220349B1F854
:106540007810FFF772FA01BD117D00204877002016
:1065500010B592B03021002206AC2000FAF786FF79
:106560001421002201AC2000FAF780FF00200090E7
:10657000DFF8EC04006850F08050DFF8E4140860A5
:10658000DFF8DC04006810F08050009000980020D4
:106590000090DFF8D004006850F48040DFF8C414A5
:1065A0000860DFF8C004006810F480400090009894
:1065B000092006905FF48030079001200B900220A4
:1065C0000C905FF480000D9008200E9078200F90C2
:1065D000022010900520119006A802F023F900284F
:1065E00001D0FFF77AF80F200190022002900020DE
:1065F00003904FF4A05004904FF480500590032175
:1066000001A8FEF785FF002801D0FFF766F812B059
:1066100010BD80B5FFF79CFF02F00EFB02F058FCA6
:10662000FEF7CAFC01F010F802F06AFC02F08DFCE3
:10663000FEF7A0FC01F0A3F862B6DFF82C0401F02D
:1066400093FADFF8280401F08FFA0122DFF8201412
:10665000DFF82004FDF7C1FA0122DFF81C14DFF88F
:106660001C04FDF7BAFA0220009010234E22DFF836
:106670001014DFF8100402F066FDDFF8080402F0E1
:10668000F9FD00220021DFF8FC0302F0AFFDDFF886
:10669000F813DFF8F00302F0E0FD01BDDFF8EC03D2
:1066A000DFF8EC13C0F802104FF48060DFF8DC1361
:1066B0000880DFF8D803DFF8D813C0F80A104FF4C9
:1066C0000060DFF8C8130881DFF8C003DFF8C013EB
:1066D000C0F812104FF48050DFF8B0130882DFF8D2
:1066E000AC03DFF8AC13C0F81A104FF40050DFF819
:1066F0009C130883DFF89403DFF89413C0F822108A
:106700004FF48040DFF884130884DFF88003DFF85B
:106710008013C0F82A104FF40040DFF8701308858A
:10672000DFF86803DFF86C13C0F832104FF48060B4
:10673000DFF858130886DFF85403DFF85813C0F861
:106740003A104FF40060DFF844130887DFF83C0389
:10675000DFF84013C0F842104FF48050DFF82C13DC
:10676000A1F84000DFF82403DFF82813C0F84A102E
:106770004FF40050DFF81413A1F84800DFF80C03C1
:10678000DFF81013C0F852104FF48040DFF8FC120D
:10679000A1F85000DFF8F402DFF8F812C0F85A1040
:1067A0004FF40040DFF8E412A1F85800DFF8DC02F3
:1067B000DFF8E412C0F862104020DFF8D012A1F830
:1067C0006000DFF8C802DFF8D012C0F86A1080203D
:1067D000DFF8B812A1F86800DFF8B002DFF8B812ED
:1067E000C0F872104FF48070DFF8A012A1F87000AA
:1067F000DFF89802DFF8A412C0F87A104FF40040D6
:10680000A249A1F87800A148DFF89412C0F88210DC
:1068100040209E49A1F880009C48A149C0F89210F0
:1068200010209A49A1F8900098489D49C0F89A1004
:1068300008209649A1F8980094489949C0F8A210F8
:1068400004209249A1F8A00090489549C0F8AA10E8
:1068500002208E49A1F8A8008C489149C0F8B210D6
:1068600001208A49A1F8B000704710B5A821002284
:106870008C4C2000FAF7FAFD702100228A4C20008F
:10688000FAF7F4FD87488649C0F802104FF400403B
:10689000844908808248834988604FF48040814958
:1068A000C88080487E49C0F80E104FF400507D49E2
:1068B00088817B487B4948614FF480507949488200
:1068C00078487749C0F81A104FF40060754908837A
:1068D0007348744908624FF480607249C8837148F4
:1068E0006F49C0F826104FF400706E4988846C48D8
:1068F0006C49C8624FF480706A49488569486849A4
:10690000C0F832108020674908866148654988636D
:1069100002206449C88663485D49C0F83E100120E2
:10692000604988875C485F49486410205D49A1F848
:1069300042005C485949C0F84A1080205949A1F8E2
:10694000480056485749086540205649A1F84E006E
:1069500054485249C0F8561020205249A1F854001A
:106960004E485049C86510204E49A1F85A004D487C
:106970004A49C0F8621008204A49A1F86000474817
:106980004849886604204749A1F8660045484249BD
:10699000C0F86E104FF480604249A1F86C003E4888
:1069A000404948674FF400603E49A1F872003D48F5
:1069B0003949C0F87A104FF480503A49A1F878006C
:1069C00034483849C1F8800001203649A1F87E00DA
:1069D00034483049C0F8861002203249A1F88400BA
:1069E0002C483049C1F88C0004202E49A1F88A00B7
:1069F0002C482849C0F8921008202A49A1F8900094
:106A000024482849C1F8980010202649A1F896008A
:106A100024482049C0F89E1020202249A1F89C005B
:106A20001C482049C1F8A40040201E49A1F8A2003A
:106A300010BD80B51549D1F8820001221349B1F883
:106A40008010FEF7F2FF01BD80B51049D1F8820039
:106A500000220E49B1F88010FEF7E7FF01BD0000EB
:106A60004038024000700040687A0020F87A002028
:106A70000D7D0020887B00200C7D0020CC7B002039
:106A8000C0790020A47C0020C0B90208487700200B
:106A900000040240000C02400008024000000240D6
:106AA00000100240007800205079002080B500F0EE
:106AB000B7FD01BD80B5FFF7ACFDFFF7EFFDFFF7B8
:106AC000D4FEFFF7B6FF4FF47A70FFF7EFFFFFF742
:106AD000BBFF01BD80B5002000900F48006850F456
:106AE00080400D4908600C48006810F48040009018
:106AF0000098002000900948006850F08050074935
:106B000008600648006810F0805000900098072048
:106B1000FFF74CF801BD00BF443802404038024046
:106B200080B5C9B200290ED11B49027801EBC20120
:106B3000D1F8023001221849007831F830101800DD
:106B4000FEF773FF0DE01449027801EBC201D1F8A2
:106B5000023000221049007831F830101800FEF79A
:106B600064FF01BD10B5042100220C4C2000FAF78F
:106B70007DFC102009490870012008494870012156
:106B80000648FFF7CDFF10BD80B5044841780348A3
:106B9000FFF7C6FF01BD000048770020D87C002029
:106BA00010B5040016492278062042431144D1F85A
:106BB0000200134A237806214B43D15AFEF72CFFDB
:106BC000002802D10020607001E001206070607830
:106BD00010BD10B50A2100220A4C2000FAF746FC2D
:106BE0001220084908701120064988700B200549B9
:106BF000087113200349887114200249087210BDDE
:106C000000780020B07C002080B501201149087078
:106C10001149D1F8720001220F49B1F87010FEF746
:106C200004FF01BD80B5C0B2002809D10A49D1F8DE
:106C3000720000220849B1F87010FEF7F6FE08E075
:106C40000549D1F8720001220349B1F87010FEF72E
:106C5000ECFE01BD107D00204877002010B5042116
:106C60000022124C2000FAF701FC15200F49087091
:106C700016200E49887010BD10B504000C4922780A
:106C8000062042431144D1F80200094A2378062124
:106C90004B43D15AFEF7C0FE002802D1002060709D
:106CA00001E001206070607810BD0000EC7C0020E5
:106CB0000078002070B5040000250020DFF8D8041B
:106CC0008268C36843EC102B51EC100BFAF754FFA9
:106CD0000600DFF8C804FAF7BEFB220092B2DFF824
:106CE000C014DFF8C004FAF7F3FCDFF8BC14087036
:106CF000DFF8B004FAF7AFFBB6B23200DFF8AC143D
:106D0000DFF8A004FAF7E4FCDFF89C140870DFF861
:106D10009404FAF7A0FBDFF898048079012840F08A
:106D20008D80200080B2002800F08880DFF8840485
:106D3000FAF791FBDFF88014220092B20720424359
:106D400001EB0200B0F80110DFF86C2423009BB2C5
:106D50000720434302EB030030F8060C81422BD39B
:106D60000020DFF858144870DFF84C14220092B26B
:106D70000720424301EB0200B0F80110DFF838248D
:106D8000A4B20720444302EB040030F8065C4D1B1C
:106D9000DFF82C04FAF75FFB2A0092B2DFF8241424
:106DA000DFF80004FAF794FCDFF8FC130870DFF852
:106DB000F403FAF750FB61E0DFF8FC13220092B213
:106DC0000720424301EB0200B0F80110DFF8E8238E
:106DD00023009BB20720434302EB030030F8060C6C
:106DE00081424BD20120DFF8D4134870DFF8C8137A
:106DF000220092B20720424301EB020030F8061C49
:106E0000DFF8B423A4B20720444302EB0400B0F837
:106E100001504D1BDFF8B003FAF71DFB2A0092B2B8
:106E2000DFF8A013DFF87C03FAF752FCDFF87813E1
:106E30000870DFF87003FAF70EFB1FE00020DFF8A0
:106E40007C134870DFF87013A4B20720444301EBB1
:106E50000400B0F80150DFF87403FAF7FCFA2A00D6
:106E600092B2DFF86013DFF83C03FAF731FCDFF889
:106E700038130870DFF82C03FAF7EDFAADB22900E9
:106E8000DFF838034078FFF7B9FA022000F0C8FBBA
:106E900070BD80B50021DFF83803FFF79FF94FF48C
:106EA000FA7000F0BDFBFFF7DEF90121DFF82003E7
:106EB000FFF794F901BD80B5DFF818030078C0F33F
:106EC0004010C0B2002826D0DFF80C03FAF7C3FA4E
:106ED000DFF8080302F0CEF900220021BF4802F0DB
:106EE00085F9BF49BD4802F0B8F90020FFF714FB4F
:106EF000BC48FFF7C1FE0128FAD0FFF7CAFFB5482A
:106F0000007810F0DF00B3490870B248407850F0C4
:106F10000200B049487001BD10B50400A4480288C1
:106F2000B149A048FAF7D4FB9F4908709D48FAF789
:106F300092FA9F484288AD499A48FAF7C9FB9A49A4
:106F400008709848FAF787FAA9480288A94995482D
:106F5000FAF7BEFB944908709248FAF77CFA964912
:106F6000220092B20720424301EB0200B0F8012058
:106F7000A1498C48FAF7ACFB8B4908708948FAF7AD
:106F80006AFA9E4802889E498648FAF7A1FB86491C
:106F900008708448FAF75FFA8749220092B2072006
:106FA000424301EB0200B0F8032096497D48FAF70E
:106FB0008FFB7D4908707B48FAF74DFA7E49220025
:106FC00092B20720424301EB0200B0F805208E493F
:106FD0007448FAF77DFB744908707248FAF73BFA77
:106FE0007549220092B2072042438A5C87496D4866
:106FF000FAF76EFB6C4908706A48FAF72CFAA4B2EB
:10700000220083496748FAF763FB674908706548BF
:10701000FAF721FA10BD10B500206E484078C0F391
:107020004000C0B200287DD07A48FAF714FA6048D0
:10703000828879495B48FAF74BFB5B4908705948ED
:10704000FAF709FA6A48028871495648FAF740FB8C
:10705000554908705348FAF7FEF900206F49087047
:107060005348848858E0FFF72EF901205049887171
:1070700034E05149220092B20720424301EB020062
:10708000B0F803004A4908804B49220092B2072019
:10709000424301EB0200B0F805004549488020005A
:1070A00080B2FFF739FF022000F0BAFA200080B268
:1070B000FFF700FE642000F0B3FA00214448FFF718
:1070C0008DF83D49220092B207204243885C002897
:1070D000C9D1FFF7C8F800203549887101213C4823
:1070E000FFF77CF83449220092B20720424301EBBB
:1070F0000200B0F8012040492A48FAF7E9FA2A4983
:1071000008702848FAF7A7F94549132000F0F7F866
:10711000012042490870641C20003549098880B26A
:107120008842A6D32B484078C0F34000C0B2002864
:1071300002D03C48FAF78FF910BD80B52548407859
:10714000C0F34000C0B2002825D03748FAF783F9D1
:10715000224802F08FF800220021204802F046F871
:1071600032491E4802F079F8FFF755FF1B4802F03C
:1071700081F800220021194802F038F82C491748FC
:1071800002F06BF80120FFF7C7F91248407810F0C1
:10719000FD001049487001BD947C002074BA0208BB
:1071A00080BA0208107C00200F7D0020A0B40208E5
:1071B000D07C002000B9020898500020087D0020F3
:1071C0008CBA0208ACB6020898BA020810B90208D4
:1071D000CE7C0020E47C002020B90208A47C0020A2
:1071E00030B90208EE7C0020B8B402086CB1020885
:1071F000F26B0020C4B2020860B00208F06B0020FD
:10720000E0B2020884B0020810B002088CB1020893
:10721000FCB20208A4BA0208D0B402088800002018
:10722000447C0020E8B40208C0B60208B0BA0208E4
:10723000BCBA020878B599B0050000200020DFF83C
:107240007003FAF708F9AA8DDFF86813DFF868030E
:10725000FAF73EFADFF864130870DFF85C03FAF718
:10726000FAF8A98D15F11800FAF7F0F8AC8D0A3488
:107270000D208DF800000A208DF80100A88D801CDB
:107280008DF80200A88D801C00128DF80300AA2042
:107290008DF8040068788DF80500AA8D15F11801A5
:1072A0000DF106063000FAF719F9AA8D921C92B278
:1072B000002101A8FAF73CFD6946220092B2114470
:1072C00001F8040C80B2000A6946220092B211440F
:1072D00001F8030C0D206946220092B2114401F816
:1072E000020C0A206946220092B2114401F8010CF6
:1072F000210089B26846FAF7DFFD1AB070BD38B5D3
:1073000005000C00AE48FAF7A6F82800C0B2112814
:107310002AD1AC48FAF79FF80020A0760020E0764A
:10732000002084F82000002084F821000222A649D1
:1073300014F118052800FAF7D1F80222A34914F134
:107340001C052800FAF7CAF80222A14914F11E050B
:107350002800FAF7C3F8062084F822000B20A08545
:107360002000FFF767FFE0E02800C0B2A62853D155
:107370009848FAF770F841F65C310022964D2800E3
:10738000FAF774F895499448F9F706FF012840F098
:10739000CC809048FAF75FF80020A0760020E076D5
:1073A000002084F82000002084F821000222864971
:1073B00014F118052800FAF791F80222834914F114
:1073C0001C052800FAF78AF80222814914F11E05EB
:1073D0002800FAF783F8542084F822000B20A085B7
:1073E000A18D14F11800FAF731F82000FFF722FF01
:1073F000082100227A4C2000FAF738F845F20C01F7
:107400000022764C2000FAF731F87648007850F0E8
:1074100040007449087088E02800C0B2122823D1C7
:107420002000FFF707FF70484078C0F34000C0B26B
:1074300000280CD06B48407850F002006949487031
:107440006948407810F0FD00674948706DE0654874
:10745000007850F02000634908706348407810F0CD
:10746000FD006149487060E02800C0B2132830D1A7
:107470005E48F9F7F0FFAA20207013206070022206
:107480005B4914F118052800FAF728F80222594937
:1074900014F11A052800FAF721F80222504914F1D4
:1074A0001C052800FAF71AF80222534914F11E05A8
:1074B0002800FAF713F8062084F820000920A08598
:1074C000A18D14F11800F9F7C1FF2000FFF7B2FEFB
:1074D0002BE02800C0B214280DD14848F9F7BBFFB3
:1074E000AA202070A18D14F11800F9F7AFFF200039
:1074F000FFF7A0FE19E02800C0B2162807D14048C7
:10750000F9F7A9FF01F0FFFEF8F73EFE0DE02800B5
:10751000C0B2172803D13B48F9F79DFF05E0EDB253
:10752000182D02D13848F9F796FF31BD10B52D4816
:107530000078C0F38000C0B2002838D03348F9F793
:107540008AFF3348F9F704FD324908703148007862
:10755000002807D145F20C010022204C2000F9F749
:1075600085FF0EE02E2100222B4C2000F9F77EFF34
:107570002748407828494870274926480078FFF76F
:10758000BEFE2E210022244C2000F9F76FFF40F6AA
:107590004E0100221E4C2000F9F768FF01201F4910
:1075A00008701048007810F0FB000E49087010BDFC
:1075B00050B9020818B30208107C00200F7D00208B
:1075C000D4B6020860B902088E5000209050002006
:1075D0009450002000B50208985000208C00002034
:1075E000D07C0020E47C0020E87C002070B90208F8
:1075F000F06B0020F26B0020D27C002080B90208E2
:1076000018B5020890B90208E8B60208FCB60208EC
:10761000F46B0020127D0020447C002088000020B4
:1076200038B50400FDF7A0FC050014F1010F02D0ED
:10763000044800782418FDF797FC401BA042FAD3B9
:1076400031BD00BF8900002010B586B01021002296
:1076500002AC2000F9F70AFF082100226C46200046
:10766000F9F704FF5FF08040DFF8E41308603B2087
:10767000DFF8DC1348600020DFF8D413886040F2A4
:10768000E730DFF8CC13C8600020DFF8C4130861CE
:107690000020DFF8BC138861DFF8B40300F0F0F9D4
:1076A000002801D0FEF719F84FF48050029002A98B
:1076B000DFF89C0300F09AFE002801D0FEF70DF8D9
:1076C00000200090002001906946DFF8840301F05B
:1076D0002DFE002801D0FEF700F806B010BD18B549
:1076E0008BB02421002202AC2000F9F7BFFE082154
:1076F00000226C462000F9F7B9FEDFF85803DFF8E6
:10770000581308600020DFF8501348600020DFF8AD
:10771000481388604FF6FF70DFF83C13C860002004
:10772000DFF8341308610020DFF82C138861032090
:107730000290022003900120049000200590002078
:107740000690022007900120089000200990002058
:107750000A9002A9C04800F083FB002801D0FDF781
:10776000BCFF00200090002001906946BA4801F05B
:10777000DDFD002801D0FDF7B0FF0CB010BD10B545
:1077800086B01021002202AC2000F9F76FFE08211C
:1077900000226C462000F9F769FEB048B049086045
:1077A0003B20AF4948600020AD49886042F20F702D
:1077B000AB49C8600020AA4908610020A849886137
:1077C000A74800F05DF9002801D0FDF786FF4FF4CF
:1077D0008050029002A9A24800F008FE002801D0C3
:1077E000FDF77BFF002000900020019069469C4837
:1077F00001F09CFD002801D0FDF76FFF06B010BD21
:1078000030B587B004001C2100226D462800F9F72E
:107810002DFE9448944908607720934948600020E1
:1078200091498860A4B29048C46000208E490861E4
:1078300000208D4988618C4800F0F0F9002801D0C3
:10784000FDF74BFF60200090002001900020029087
:107850000020049000226946834800F04CFD002877
:1078600001D0FDF73AFF804800F096F807B030BD30
:1078700080B50168B1F1804F16D1002000907B489F
:10788000006850F00100794908607848006810F0FD
:10789000010000900098002200211C20FEF78AF9C8
:1078A0001C20FEF798F919E000686C49884215D150
:1078B000002000906D48006850F004006B4908609B
:1078C0006A48006810F0040000900098002200212F
:1078D0001E20FEF76FF91E20FEF77DF901BD38B5B9
:1078E00086B004001421002201AD2800F9F7BEFD86
:1078F00020685849884231D1002000905B480068D8
:1079000050F00200594908605848006810F0020021
:1079100000900098002000905548006850F0010049
:10792000534908605248006810F001000090009828
:10793000C0200190022002900120039001200490B9
:107940000220059001A94B48FDF7CAFE0022002144
:107950001D20FEF72FF91D20FEF73DF907B030BDC1
:1079600080B500683F49884215D100200090424808
:10797000006850F48030404908603F48006810F4C7
:10798000803000900098002200211820FEF712F9A4
:107990001820FEF720F901BD38B586B00400142187
:1079A000002201AD2800F9F761FD20682D498842C9
:1079B0001BD1002000902E48006850F010002C4988
:1079C00008602B48006810F01000009000982020FC
:1079D00001900220029000200390002004900320D8
:1079E000059001A92548FDF77BFE07B030BD80B5A5
:1079F0000168B1F1804F09D11C480068400840007F
:107A00001A4908601C20FEF7EBF80CE000681349E7
:107A1000884208D11548006830F004001349086016
:107A20001E20FEF7DDF801BD80B5006809498842D7
:107A30000CD10E48006830F002000C490860C021EB
:107A40000C48FDF744FF1D20FEF7CAF801BD0000F9
:107A5000687A002000040040B07A0020000800404E
:107A6000F87A002000400140407B0020403802406E
:107A7000303802400000024044380240001002400A
:107A800010B50400002C01D101202FE094F83D0036
:107A9000002805D1002084F83C002000FFF7E8FE14
:107AA000022084F83D00211D206800F016FD012011
:107AB00084F84600012084F83E00012084F83F004D
:107AC000012084F84000012084F84100012084F85E
:107AD0004200012084F84300012084F84400012082
:107AE00084F84500012084F83D00002010BD10B549
:107AF0000400022084F83D002068006A41F2111160
:107B000008420BD12068006A40F24441084205D186
:107B10002068006840084000216808602000FFF7E6
:107B200066FF002084F84600002084F83E00002014
:107B300084F83F00002084F84000002084F84100D1
:107B4000002084F84200002084F84300002084F8DC
:107B50004400002084F84500002084F83D00002007
:107B600084F83C00002010BD90F83D10012901D0A0
:107B7000012043E0022180F83D100168C96851F0FE
:107B800001010268D1600168DFF87420914221D0C0
:107B90000168B1F1804F1DD00168DFF86820914283
:107BA00018D00168DFF86020914213D00168DFF837
:107BB0005C2091420ED00168DFF85420914209D038
:107BC0000168DFF85020914204D00168DFF84820B6
:107BD00091420CD10168896811F0070106290CD087
:107BE0000168096851F001010068016005E0016861
:107BF000096851F001010068016000207047000031
:107C0000000001400004004000080040000C00405B
:107C100000040140004001400018004010B504007D
:107C2000002C01D101202FE094F83D00002805D15F
:107C3000002084F83C002000FFF792FE022084F828
:107C40003D00211D206800F048FC012084F846001A
:107C5000012084F83E00012084F83F00012084F8D0
:107C60004000012084F84100012084F842000120F6
:107C700084F84300012084F84400012084F8450082
:107C8000012084F83D00002010BD10B5040000293B
:107C900002D194F83E000BE0042902D194F83F0091
:107CA00006E0082902D194F8400001E094F8410070
:107CB000012801D001206DE0002904D1022084F8C0
:107CC0003E00C0B211E0042904D1022084F83F0034
:107CD000C0B20AE0082904D1022084F84000C0B2F2
:107CE00003E0022084F84100C0B20122206800F0C5
:107CF0006DFD2068DFF84C11884204D02068DFF861
:107D00004811884201D1012000E00020C0B20028C3
:107D100005D02068406C50F4004021684864206819
:107D2000DFF82011884221D02068B0F1804F1DD0AB
:107D30002068DFF81811884218D02068DFF8101189
:107D4000884213D02068DFF80C1188420ED02068DA
:107D5000DFF8F410884209D02068DFF8FC10884270
:107D600004D02068DFF8F41088420CD120688068C5
:107D700010F0070006280CD02068006850F00100C1
:107D80002168086005E02068006850F00100216863
:107D90000860002010BD38B505000C00002221004D
:107DA000286800F013FD2868DFF89810884204D096
:107DB0002868DFF89410884201D1012000E00020FB
:107DC000C0B2002811D02868006A41F2111108429F
:107DD0000BD12868006A40F24441084205D1286866
:107DE000406C30F40040296848642868006A41F219
:107DF000111108420BD12868006A40F24441084240
:107E000005D1286800684008400029680860002CF7
:107E100004D1012085F83E00C0B211E0042C04D149
:107E2000012085F83F00C0B20AE0082C04D10120EF
:107E300085F84000C0B203E0012085F84100C0B2DF
:107E4000002032BD00000140000401400004004059
:107E500000080040000C00400040014000180040B5
:107E600038B504000D00002C01D101205EE094F82B
:107E70003D00002805D1002084F83C002000FFF7D9
:107E80002EFD022084F83D0020688168DFF8E002C2
:107E9000014020688160211D206800F01EFB2068E1
:107EA0008168206882692068036A28680143DFF8D6
:107EB000C4020240A8680243A86952EA0022DFF81F
:107EC000B8020240DFF8B4020240E8680243E86901
:107ED00052EA0022286952EA0012286A52EA003265
:107EE00033F0220333F0880368680343686953EA78
:107EF000001320688160206882612068036201208D
:107F000084F84600012084F83E00C0B2012084F8C5
:107F10003F00C0B2012084F84200C0B2012084F8C2
:107F20004300C0B2012084F83D00002032BD0000B3
:107F300010B50400022084F83D002068006A41F278
:107F4000111108420BD12068006A40F244410842F6
:107F500005D12068006840084000216808602000C2
:107F6000FFF762FD002084F84600002084F83E0000
:107F7000C0B2002084F83F00C0B2002084F8420064
:107F8000C0B2002084F84300C0B2002084F83D0055
:107F9000002084F83C00002010BD38B5040094F89F
:107FA0003E0094F83F2094F8423094F84350002962
:107FB00010D1C0B2012802D1DBB2012B01D00120C7
:107FC0005BE0022084F83E00C0B2022084F8420048
:107FD000C0B230E0042910D1D2B2012A02D1EDB2F0
:107FE000012D01D0012048E0022084F83F00C0B2FA
:107FF000022084F84300C0B21DE0C0B2012808D1BD
:10800000D2B2012A05D1DBB2012B02D1EDB2012D92
:1080100001D0012031E0022084F83E00C0B20220ED
:1080200084F83F00C0B2022084F84200C0B20220AF
:1080300084F84300C0B2002902D0042906D00BE026
:1080400001220021206800F0C1FB0FE00122042181
:10805000206800F0BBFB09E001220021206800F04D
:10806000B5FB01220421206800F0B0FB2068006805
:1080700050F0010021680860002032BD38B50500CD
:108080000C002000002802D0042806D00BE00022BB
:108090000021286800F09AFB0FE0002204212868E4
:1080A00000F094FB09E000220021286800F08EFB1C
:1080B00000220421286800F089FB2868006A41F248
:1080C000111108420BD12868006A40F2444108426D
:1080D00005D1286800684008400029680860002C25
:1080E00001D0042C32D1002C04D1012085F83E00AF
:1080F000C0B211E0042C04D1012085F83F00C0B2C9
:108100000AE0082C04D1012085F84000C0B203E049
:10811000012085F84100C0B2002C04D1012085F86F
:108120004200C0B222E0042C04D1012085F84300B3
:10813000C0B21BE0082C04D1012085F84400C0B275
:1081400014E0012085F84500C0B20FE0012085F859
:108150003E00C0B2012085F83F00C0B2012085F882
:108160004200C0B2012085F84300C0B2002032BDF9
:10817000F8BFFFFFFCFCFFFFF3F3FFFF0F0FFFFF54
:1081800010B504002068006980071AD52068C0680F
:10819000800716D57FF00200216808610120207752
:1081A0002068806910F0030F03D0200001F012F95D
:1081B00005E0200001F00FF9200001F00DF900208A
:1081C00020772068006940071AD52068C0684007FA
:1081D00016D57FF00400216808610220207720680E
:1081E000806910F4407F03D0200001F0F3F805E02F
:1081F000200001F0F0F8200001F0EEF800202077D8
:108200002068006900071AD52068C068000716D5E5
:108210007FF0080021680861042020772068C06989
:1082200010F0030F03D0200001F0D4F805E0200087
:1082300001F0D1F8200001F0CFF80020207720686D
:108240000069C0061AD52068C068C00616D57FF040
:10825000100021680861082020772068C06910F4A8
:10826000407F03D0200001F0B5F805E0200001F0C8
:10827000B2F8200001F0B0F80020207720680069F3
:10828000C0070AD52068C068C00706D57FF0010086
:10829000216808612000FDF75AF82068006900068F
:1082A0000AD52068C068000606D57FF080002168E6
:1082B0000861200001F091F82068006940060AD5A5
:1082C0002068C068400606D57FF04000216808613C
:1082D000200001F083F82068006980060AD5206834
:1082E000C068800606D57FF0200021680861200064
:1082F00001F075F810BD70B504000E00002594F86B
:108300003C00012801D102206FE0012084F83C00EC
:10831000002A06D0042A1BD0082A31D00C2A46D0C5
:108320005DE03100206800F03AF92068806950F083
:108330000800216888612068806930F004002168A5
:10834000886120688169306901432068816147E064
:108350003100206800F056F92068806950F4006010
:10836000216888612068806930F4806021688861B4
:1083700020688069316950EA0120216888612FE016
:108380003100206800F076F92068C06950F00800DC
:108390002168C8612068C06930F004002168C861A4
:1083A0002068C169306901432068C16118E031006B
:1083B000206800F096F92068C06950F400602168D8
:1083C000C8612068C06930F480602168C861206895
:1083D000C069316950EA01202168C86100E00125C7
:1083E000002084F83C002800C0B270BD38B50400FD
:1083F000002594F83C00012801D102206CE0012006
:1084000084F83C00022084F83D002068806830F049
:10841000770030F47F4022689060086800284DD0D3
:1084200010284BD0202849D0302847D040283BD0B6
:10843000502825D060282DD0702807D0B0F5805F57
:1084400003D0B0F5005F0ED03DE03DE0CB684A6858
:108450008968206800F0AFF92068806850F07700E4
:108460002168886030E0CB684A688968206800F03D
:10847000A2F92068806850F480402168886023E079
:10848000CA684968206800F069F95021206800F046
:108490008AF919E0CA684968206800F071F960211A
:1084A000206800F080F90FE0CA684968206800F091
:1084B00055F94021206800F076F905E00968206848
:1084C00000F071F900E00125012084F83D00002052
:1084D00084F83C002800C0B232BD0368DFF85022A7
:1084E000904212D0B0F1804F0FD0DFF84822904276
:1084F0000BD0DFF84422904207D0DFF840229042B0
:1085000003D0DFF83C22904203D133F070034A6875
:108510001343DFF81C22904229D0B0F1804F26D0BF
:10852000DFF81022904222D0DFF80C2290421ED0B9
:10853000DFF8082290421AD0DFF80422904216D0C9
:10854000DFF80022904212D0DFF8FC2190420ED0DA
:10855000DFF8F82190420AD0DFF8F421904206D0EB
:10856000DFF8F021904202D07B4A904203D133F4ED
:108570004073CA68134333F080034A6913430360AE
:108580008A68C2620A688262694A904202D06C4A72
:10859000904201D10969016301214161704730B402
:1085A000026A520852000262036A4568846934F024
:1085B0007004A408A4000A68144333F002038A6814
:1085C00013435B4A904202D05D4A904205D133F09A
:1085D0000803CA68134333F00403554A904202D09B
:1085E000574A904207D135F4807535F400754A69D1
:1085F00015438A6915434560846149684163036294
:1086000030BC704730B4026A32F010020262026A73
:108610004468836933F4E04333F440730D6853EAEC
:10862000052332F020028D6852EA0512404DA8421F
:1086300002D0434DA84206D132F08002CD6852EA02
:10864000051232F040023A4DA84202D03C4DA842F9
:1086500009D134F4806434F400644D6954EA85042B
:108660008D6954EA850444608361496881630262CC
:1086700030BC704730B4026A32F480720262036A1E
:108680004568C46934F07004A408A4000A6814435F
:1086900033F400738A6853EA0223254A904202D0D9
:1086A000274A904206D133F40063CA6853EA022392
:1086B00033F480631E4A904202D0214A904209D18D
:1086C00035F4805535F400554A6955EA02158A6932
:1086D00055EA02154560C4614968C163036230BC54
:1086E000704730B4026A32F480520262036A44680E
:1086F000C26932F4E04232F440720D6852EA052257
:1087000033F400538D6853EA0533094DA84202D073
:108710000B4DA84204D134F480444D6954EA8514C9
:108720004460C26149680164036230BC7047000064
:10873000000001400004004000080040000C004020
:108740000004014000400140004401400048014055
:1087500000180040001C00400020004010B4046AD3
:10876000036A5B085B000362836933F0F00353EA3A
:10877000021334F00A0421438361016210BC704784
:1087800010B4036A33F0100303628369046A33F49C
:10879000704353EA023334F0A00454EA01148361B5
:1087A000046210BC7047826832F07002114351F0CD
:1087B00007018160704710B4846834F47F4421431A
:1087C000114351EA0321816010BC704710B40124A9
:1087D00011F01F0314FA03F3046A34EA030303627B
:1087E000036A11F01F0112FA01F11943016210BC72
:1087F0007047000080B5FEF772FF04210848FFF7BC
:10880000CCFB01BD06480068406A80B2704780B565
:1088100004210348FFF732FC0148FFF789FB01BD43
:10882000B07A00207CB50400002C01D10120EDE1DC
:108830002078C0076FD5DFF8D803006810F00C006F
:1088400004280BD0DFF8C803006810F00C000828DB
:108850000ED1DFF8C0030068400209D5DFF8B80385
:108860000068800357D56068002854D10120CDE10D
:108870006068B0F5803F08D1DFF89C03006850F4D1
:108880008030DFF89413086024E06068B0F5A02F12
:1088900010D1DFF88403006850F48020DFF87813EB
:1088A0000860DFF87403006850F48030DFF8681364
:1088B00008600FE0DFF86003006830F48030DFF814
:1088C00058130860DFF85003006830F48020DFF8A8
:1088D00048130860606800280ED0FCF745FB0500CF
:1088E000DFF834030068800315D4FCF73DFB401B20
:1088F0006528F5D3032089E1FCF736FB0500DFF896
:1089000018030068800306D5FCF72EFB401B652882
:10891000F5D303207AE12078800724D5DFF8F00230
:10892000006810F00C0F0BD0DFF8E402006810F0C4
:108930000C0008282ED1DFF8DC020068400229D4A0
:10894000DFF8D4020068800704D5E068012801D070
:1089500001205BE1B048006830F0F800216950EA7E
:10896000C100AD4908602078000753D56069002830
:108970003FD00120A9490860FCF7F6FA0500A84895
:108980000068800746D4FCF7EFFA401B0328F6D3B3
:1089900003203BE1E06800281AD00120A1490860CB
:1089A000FCF7E2FA05009C480068800706D4FCF753
:1089B000DBFA401B0328F6D3032027E19648006822
:1089C00030F0F800216950EAC10093490860CAE715
:1089D000002094490860FCF7C7FA05008E4800683B
:1089E0008007C0D5FCF7C0FA401B0328F6D303204C
:1089F0000CE1002089490860FCF7B6FA05008848B8
:108A00000068800706D5FCF7AFFA401B0328F6D3B1
:108A10000320FBE0207840077DD5002582480068D0
:108A2000C0000ED4002000907F48006850F08050B5
:108A30007D4908607C48006810F0805000900098E4
:108A400001257A480068C00513D47848006850F4BE
:108A5000807076490860FCF787FA06007348006862
:108A6000C00506D4FCF780FA801B0328F6D3032048
:108A7000CCE0A068012806D16D48006850F00100E4
:108A80006B4908601BE0A06805280CD168480068A5
:108A900050F00400664908606548006850F0010025
:108AA000634908600BE06248006840084000604984
:108AB00008605F48006830F004005D490860A06805
:108AC00000280FD0FCF750FA0600594800688007CC
:108AD00018D4FCF749FA801B41F289318842F4D35B
:108AE000032093E0FCF740FA060051480068800735
:108AF00008D5FCF739FA801B41F289318842F4D35A
:108B0000032083E0EDB2012D05D14748006830F025
:108B1000805045490860A069002876D03C4800682C
:108B200010F00C00082845D0A069022831D100209F
:108B300040490860FCF718FA0500374800688001D2
:108B400006D5FCF711FA401B0328F6D303205DE09D
:108B5000E169206A0143606A51EA8011A06A400815
:108B6000401E51EA0041E06A51EA00612948016073
:108B7000012030490860FCF7F7F904002648006836
:108B8000800142D4FCF7F0F9001B0328F6D3032040
:108B90003CE0002027490860FCF7E6F904001E4885
:108BA0000068800131D5FCF7DFF9001B0328F6D3FC
:108BB00003202BE0A069012801D1012026E01548FF
:108BC0000068A16901291ED010F48001E269914278
:108BD00019D110F03F01226A914214D147F6C071B9
:108BE0000140626AB1EB821F0DD110F44031A26ADC
:108BF0005208521EB1EB024F05D110F07060E16ACD
:108C0000B0EB016F01D0012000E0002076BD00BF75
:108C1000083802400438024000380240800E4742C3
:108C20007438024000004742403802400070004063
:108C3000703802406000474210B586B0142100220F
:108C40006C462000F8F712FC002005909A48006856
:108C500050F01000984908609748006810F0100024
:108C600005900598002005909348006850F080001A
:108C7000914908609048006810F0800005900598C0
:108C8000002005908C48006850F004008A49086074
:108C90008948006810F004000590059800200590B0
:108CA0008548006850F001008349086082480068E8
:108CB00010F0010005900598002005907E4800689E
:108CC00050F002007C4908607B48006810F0020008
:108CD00005900598002005907748006850F008003E
:108CE000754908607448006810F008000590059800
:108CF00000225F217148FCF798FE01224FF4E771D2
:108D00006F48FCF792FE01224FF47C416D48FCF75E
:108D10008CFE01224FF47C416B48FCF786FE012259
:108D20004FF400416948FCF780FE5F20009001206D
:108D30000190002002900120039069465F48FCF7F3
:108D4000CFFC4FF4E77000900120019000200290CA
:108D50000120039069465A48FCF7C2FC3C20009071
:108D60005FF4041001900120029069465748FCF717
:108D7000B7FC41F6104000900020019001200290C5
:108D800069464F48FCF7ACFC032000905FF40410E8
:108D900001900120029069464A48FCF7A1FC80201E
:108DA00000905FF4881001900020029069464348CB
:108DB000FCF796FC4FF47F4000905FF404100190A4
:108DC0000120029069463D48FCF78AFC4FF47C4044
:108DD000009001200190002002900120039069463C
:108DE0003848FCF77DFC4FF47C4000900120019056
:108DF000002002900120039069463348FCF770FC84
:108E00004FF40040009001200190002002900120CA
:108E1000039069462D48FCF763FC3F20009000203A
:108E200001900120029069462748FCF759FC402038
:108E300000905FF48810019000200290694622485B
:108E4000FCF74EFC002200210620FCF7B3FE0620B2
:108E5000FCF7C1FE002200210720FCF7ABFE072033
:108E6000FCF7B9FE002200210820FCF7A3FE082031
:108E7000FCF7B1FE002200210920FCF79BFE09202F
:108E8000FCF7A9FE002200210A20FCF793FE0A202D
:108E9000FCF7A1FE002200211720FCF78BFE172013
:108EA000FCF799FE002200212820FCF783FE2820F1
:108EB000FCF791FE06B010BD3038024000100240B1
:108EC0000008024000040240000C02400000024082
:108ED00080B50948094908600620084948604FF4F0
:108EE0009C70064988600548FDF7F6F8002801D017
:108EF000FCF7F3FB01BD00BF00300040BC7C00204C
:108F000080B567486749086067486649486000203F
:108F10006449886000206349C8604FF4804061491B
:108F2000086100205F49486100205E498861002097
:108F30005C49C86100205B4908625A4800F050FA59
:108F4000002801D0FCF7C9FB01BD80B5574858493E
:108F500008605548564948600020554988600020FF
:108F60005349C8604FF4804051490861002050497E
:108F7000486100204E49886100204D49C8610020A9
:108F80004B4908624A4800F02BFA002801D0FCF750
:108F9000A4FB01BD38B586B00400142100226D4643
:108FA0002800F8F763FA20683D4988422AD100205A
:108FB00005904048006850F002003E4908603D4876
:108FC000006810F0020005900598C0200090122063
:108FD0000190012002900320039004200490694630
:108FE0003548FCF77DFB002005903448006850F4BC
:108FF0000010324908603148006810F400100590F4
:1090000005984BE020682949884247D10020059007
:109010002848006850F00400264908602548006888
:1090200010F0040005900598002005902148006884
:1090300050F001001F4908601E48006810F0010050
:10904000059005984FF400700090122001900120C7
:109050000290032003900420049069461848FCF70E
:109060003FFB4FF48070009012200190012002908D
:10907000032003900420049069461248FCF730FB5B
:10908000002005900D48006850F400000B4908606E
:109090000A48006810F400000590059807B030BD3C
:1090A00000540040C0790020A0860100005C004010
:1090B000147A002030380240000402404038024058
:1090C000000802400000024080B580B2FEF7A8FA16
:1090D00001BD7CB504000D0015F0F0062D01E07A0D
:1090E000002803D056F0080655F008051000C0B25D
:1090F000012804D156F0010655F0010506E0D2B270
:10910000002A03D116F0FE0615F0FE0556F0040005
:109110008DF804000120FFF7D7FF8DF8056055F0AA
:1091200004008DF806000120FFF7CEFF8DF80750F0
:109130004FF47A700090042301AA217989B2206843
:1091400000F03AFA73BD10B5040002982160227154
:109150006371A0712820A0720620E0710C2020729B
:10916000142060720820E0723220FFF7ADFF002269
:1091700033212000FFF7ADFF0520FFF7A5FF0022F8
:1091800033212000FFF7A5FF0520FFF79DFF0022F8
:1091900032212000FFF79DFF0520FFF795FF0022F9
:1091A00020212000FFF795FF0520FFF78DFF00220B
:1091B000E1792000FFF78DFF0022217A2000FFF7E0
:1091C00088FF0022617A2000FFF783FF0022A17A46
:1091D0002000FFF77EFF002201212000FFF779FF2A
:1091E000002202212000FFF774FF10BD38B50023D4
:1091F0000C004579E4B2AC4201D34179491E140018
:109200008579E4B2AC4201D38279521E1400E4B2F3
:10921000002C01D10B0012E01400E4B2012C02D1A9
:1092200040310B000BE01400E4B2022C02D11431E7
:109230000B0004E0D2B2032A01D154310B0000220A
:1092400053F080031900C9B2FFF743FF31BD80B569
:109250000122C9B2FFF73DFF01BD38B504000D0082
:1092600004E029782000FFF7F2FF6D1C2878002821
:10927000F7D131BD80B500220121FFF72AFF05207B
:10928000FFF722FF01BD000070B58EB005000C0095
:109290001421002209AE3000F8F7E8F8242100225A
:1092A0006E463000F8F7E2F8242269464020F8F7CD
:1092B000C6FD14226846210089B2014409AE30007F
:1092C000F8F70CF924216846F8F7C0F8220092B2AA
:1092D0006E4629003000F8F701F9142209A9684602
:1092E000A4B204442000F8F7F9F824216846F8F7FE
:1092F000ADF80420F8F758FD242269464020F8F71D
:1093000069FD0EB070BDF8B5684606491022F8F741
:10931000F5F80548F8F79FF810216846FFF7B4FF05
:1093200005B000BD40B7020850B3020810B490F871
:109330003C20012A01D102203CE0012280F83C209F
:10934000022280F83D20026854680268936834F075
:1093500070040A681443026854600268164CA24202
:109360001BD00268B2F1804F17D00268134CA242A2
:1093700013D00268124CA2420FD00268114CA242D4
:109380000BD00268104CA24207D002680F4CA242D8
:1093900003D002680E4CA24205D133F08003496825
:1093A0000B4301688B60012180F83D10002180F89B
:1093B0003C10002010BC7047000001400004004039
:1093C00000080040000C0040000401400040014043
:1093D00000180040704770477047704770477047EB
:1093E00038B50400002C01D10120E4E094F83D00E0
:1093F000002805D1002084F83C002000FFF7CAFDBA
:10940000242084F83D00206800684008400021685E
:1094100008602068006850F40040216808602068F7
:10942000006830F4004021680860FCF71AF9010078
:109430006068DFF8F022904208D2DFF8EC02814247
:1094400001D2012000E00020C0B207E0DFF8DC021A
:10945000814201D2012000E00020C0B2012801D1E8
:109460000120A8E0DFF8C802B1FBF0F220684068F4
:10947000800980011043236858602068036A60688F
:10948000DFF8A052A84201D2521C07E04FF49670B8
:1094900042434FF47A70B2FBF0F2521C9B099B01DD
:1094A0001A43206802622068C2696068DFF874327B
:1094B000984214D2481E63685B00B0FBF3F0401C76
:1094C0000005000D042801D204213EE0491E606819
:1094D0004000B1FBF0F1491C0905090D35E0A06819
:1094E000002809D14B1E656803204543B3FBF5F006
:1094F000401C0005000D0AE04B1E6568192045431D
:10950000B3FBF5F0401C0005000D50F48040000551
:1095100001D1012119E0A068002809D1491E636822
:1095200003204343B1FBF3F1491C0905090D0AE08F
:10953000491E636819204343B1FBF3F1491C090537
:10954000090D51F4804151F40041DFF8E801024077
:109550000A432068C2612068016831F0C001E069F7
:109560000143206A01432068016020688168DFF8B8
:10957000C801014020690143E0680143206881601F
:109580002068C168090A0902A069014360690143B2
:109590002068C1602068006850F001002168086000
:1095A00000202064202084F83D000020206300205B
:1095B00084F83E00002032BD2DE9F84304000F007E
:1095C00090469946FBF7D0FC050094F83D00202812
:1095D00040F0A580009519230122DFF860112000DA
:1095E00000F00FF9002801D0022099E094F83C0027
:1095F000012801D1022093E0012084F83C0020687A
:109600000068C00705D42068006850F00100216898
:109610000860089E2068006830F4006021680860D7
:10962000212084F83D00102084F83E0000202064B2
:10963000C4F82480A4F82A90608D2085DFF800010A
:10964000E0622B003200390089B2200000F07AF885
:10965000002801D0012063E00020009020684069CC
:1096600000902068806900900098208D002845D0E7
:109670002A003100200000F066F9002828D1606A35
:10968000007821680861606A401C6062608D401E3D
:109690006085208D401E20852068406940070FD5D9
:1096A000208D00280CD0606A007821680861606A0B
:1096B000401C6062608D401E6085208D401E2085AC
:1096C0002A003100200000F06AF90028CDD00AE01D
:1096D000206C042805D12068006850F400702168CF
:1096E000086001201CE0206C042805D12068006877
:1096F00050F4007021680860012011E020680068C3
:1097000050F4007021680860202084F83D0000209B
:1097100084F83E00002084F83C00002000E0022095
:10972000BDE8F283A186010080841E0000093D008F
:1097300040420F000030FFFF007CFFFF02001000DE
:109740000000FFFFF8B504000D0016001F00E06ADE
:10975000082805D0012803D0DFF89C12884206D1E2
:109760002068006850F480702168086008E0206B71
:10977000122805D12068006850F4807021680860C4
:109780000097330000225FF00111200000F039F84B
:10979000002808D020680068C00502D54FF400708A
:1097A000206403202CE02069B0F5804F04D115F02F
:1097B000FE052068056117E0280080B2C00910F09E
:1097C000060050F0F000C0B2216808613B00320092
:1097D000DFF82812200000F059F8002801D00120FD
:1097E0000EE0EDB2206805613B003200DFF8101298
:1097F000200000F04BF8002801D0012000E00020FC
:10980000F2BD2DE9F04105000E0017001C00DDF847
:1098100018803000000CC0B201280AD128684069C5
:10982000304080B2B1B2884201D101200BE000206B
:1098300009E028688069304080B2B1B2884201D125
:10984000012000E000203900C9B288421BD114F188
:10985000010FDED0FBF788FBB0EB0800844201D398
:10986000002CD6D100202863202085F83D00002060
:1098700085F83E00286C50F020002864002085F810
:109880003C00012000E00020BDE8F081F8B50500B3
:109890000E0014001F003000000CC0B201280AD1D5
:1098A00028684069304080B2B1B2884201D10120BD
:1098B0000BE0002009E028688069304080B2B1B236
:1098C000884201D1012000E00020002839D1286819
:1098D000406940051AD52868006850F4007029686E
:1098E00008607FF480602968486100202863202098
:1098F00085F83D00002085F83E00286C50F00400FB
:109900002864002085F83C0001201BE014F1010FC1
:10991000C1D0FBF729FBC01B844201D3002CBAD174
:1099200000202863202085F83D00002085F83E00B7
:10993000286C50F020002864002085F83C000120AD
:1099400000E00020F2BD70B505000C00160028688C
:109950004069000621D4280000F054F8002801D006
:1099600001201BE014F1010FF1D0FBF7FDFA801B81
:10997000844201D3002CEAD100202863202085F8FE
:109980003D00002085F83E00286C50F0200028643F
:10999000002085F83C00012000E0002070BD70B57B
:1099A00005000C00160028684069400721D42800F3
:1099B00000F028F8002801D001201BE014F1010F6D
:1099C000F1D0FBF7D1FA801B844201D3002CEAD1FD
:1099D00000202863202085F83D00002085F83E0007
:1099E000286C50F020002864002085F83C000120FD
:1099F00000E0002070BD00000000FFFF0800010033
:109A00000200010001684969490514D57FF48061AD
:109A10000268516100210163202180F83D1000217E
:109A200080F83E10016C51F004010164002180F8BF
:109A30003C10012000E000207047F8B504002668C3
:109A40003500206800F0CAFE012840F097802068A9
:109A500000F0BFFE002800F09180206800F0B9FE01
:109A6000800203D55FF4001021684861206800F08F
:109A7000B0FEC00203D55FF4801021684861206801
:109A800000F0A7FE400103D55FF0806021684861C7
:109A9000206800F09EFE800702D502202168486100
:109AA000206800F096FE800016D55FF00050216817
:109AB000486115F588600068C0070DD4102130009A
:109AC00000F008FE300000F02DFE0121206800F0BB
:109AD00089FE200000F0CEFF206800F07AFEC00171
:109AE00002D5200000F095FD206800F072FE00070E
:109AF00005D5200000F0B2FF0820216848612068E9
:109B000000F067FEC0060ED52068806930F01000B6
:109B100021688861200000F0FEFC2068806950F018
:109B2000100021688861206800F053FE800125D56F
:109B3000206800F07EFE0600002718E03900C9B258
:109B4000200000F083FA11E017F00F003100C1404F
:109B5000C8070BD515EB471010F5A060006800048E
:109B6000ECD53900C9B2200000F01CF87F1CA068B9
:109B70008742E9D35FF0007021684861F1BD10B5FC
:109B8000040094F8F802012801D1022009E0012024
:109B900084F8F802206800F002FF002084F8F80240
:109BA000002010BD70B504000E002568F6B215EB5C
:109BB000461010F5A0608068400712D515EB4610DE
:109BC00010F5A0600421816006202C2101FB06F124
:109BD000214481F861003100C9B2206800F02EFEF6
:109BE00076E015EB461010F5A0608068C00513D52F
:109BF00015EB461010F5A0604FF4807181600720CE
:109C00002C2101FB06F1214481F861003100C9B229
:109C1000206800F013FE5BE015EB461010F5A06025
:109C20008068800606D515EB461010F5A06020214F
:109C300081604DE015EB461010F5A06080680007CC
:109C400012D515EB461010F5A060082181600520A3
:109C50002C2101FB06F1214481F861003100C9B2D9
:109C6000206800F0EBFD33E015EB461010F5A06026
:109C70008068400513D515EB461010F5A0604FF431
:109C80008061816008202C2101FB06F1214481F8CC
:109C900061003100C9B2206800F0D0FD18E015EB7A
:109CA000461010F5A0608068000611D515EB46102F
:109CB00010F5A0608021816006202C2101FB06F1B7
:109CC000214481F861003100C9B2206800F0B6FD7E
:109CD00015EB461010F5A060806880050CD53100AA
:109CE000C9B2206800F0AAFD15EB461515F5A06570
:109CF0004FF40070A860A8E115EB461010F5A060C5
:109D00008068C00740F1A3802069002811D02C2072
:109D100000FB06F02044806C15EB461111F5A061A4
:109D200009694903490B401A2C2101FB06F1214422
:109D3000086501202C2101FB06F1214481F8610016
:109D400000202C2101FB06F12144C86515EB4610CB
:109D500010F5A060012181602C2000FB06F020445A
:109D600090F83F00002807D02C2000FB06F020448C
:109D700090F83F0002280BD13100C9B2206800F0F2
:109D80005DFD15EB461515F5A0651020A8602DE0CA
:109D90002C2000FB06F0204490F83F00032807D059
:109DA0002C2000FB06F0204490F83F0001281DD134
:109DB00015EB461010F5A060006850F0005015EB50
:109DC000461515F5A065286001202C2101FB06F140
:109DD000214481F860002C2000FB06F0204490F81C
:109DE00060203100C9B2200000F04AFE206901283D
:109DF0001ED12C2000FB06F02044806C2C2101FB9E
:109E000006F12144B1F84010B0FBF1F0C00740F179
:109E10001C812C2000FB06F0204490F8541091F097
:109E200001012C20464304EB060080F854100CE19D
:109E30002C2000FB06F0204490F8541091F0010112
:109E40002C20464304EB060080F85410FDE015EB8F
:109E5000461010F5A0608068800740F1B0802C208B
:109E600000FB06F0204490F86100012807D1012092
:109E70002C2101FB06F1214481F860008DE02C20AB
:109E800000FB06F0204490F86100052807D105206A
:109E90002C2101FB06F1214481F860007DE02C209B
:109EA00000FB06F0204490F86100062807D02C2023
:109EB00000FB06F0204490F86100082835D12C20E2
:109EC00000FB06F02044C06D401C2C2101FB06F174
:109ED0002144C8652C2000FB06F02044C06D0328F7
:109EE0000DD300202C2101FB06F12144C86504207C
:109EF0002C2101FB06F1214481F860004DE0022095
:109F00002C2101FB06F1214481F8600015EB46107D
:109F100010F5A060006830F0804050F0004015EB74
:109F2000461111F5A061086037E02C2000FB06F017
:109F3000204490F86100032815D102202C2101FB58
:109F400006F1214481F8600015EB461010F5A06081
:109F5000006830F0804050F0004015EB461111F5DC
:109F6000A061086019E02C2000FB06F0204490F866
:109F70006100072811D12C2000FB06F02044C06DA1
:109F8000401C2C2101FB06F12144C86504202C2132
:109F900001FB06F1214481F8600015EB461515F52B
:109FA000A0650220A8602C2000FB06F0204490F859
:109FB00060203100C9B2200000F062FD45E015EBE1
:109FC000461010F5A0608068C0063ED52C2000FB2E
:109FD00006F0204490F83F0003280BD100202C21EC
:109FE00001FB06F12144C8653100C9B2206800F0C8
:109FF00025FC24E02C2000FB06F0204490F83F00D4
:10A00000002807D02C2000FB06F0204490F83F00E9
:10A01000022814D100202C2101FB06F12144C8653F
:10A02000206900280BD103202C2101FB06F12144DB
:10A0300081F861003100C9B2206800F0FFFB15EB28
:10A04000461515F5A0651020A86070BD38B50D0047
:10A050000468EDB214EB451111F5A0618968490758
:10A0600012D514EB451414F5A0640421A160062157
:10A070002C2202FB05F2024482F861102900C9B2C9
:10A08000006800F0DBFB45E214EB451111F5A0611F
:10A090008968890622D514EB451414F5A0642021A3
:10A0A000A1602C2101FB05F1014491F83D1001292B
:10A0B00040F0308200212C2202FB05F2024482F89B
:10A0C0003D1002212C2202FB05F2024482F86010AE
:10A0D0002900C9B2006800F0B1FB1BE214EB451186
:10A0E00011F5A061896889050CD514EB451414F5A8
:10A0F000A0644FF40071A1602900C9B2006800F0AB
:10A100009DFB07E214EB451111F5A0618968C907B1
:10A110002CD500212C2202FB05F20244D16514EB60
:10A12000451111F5A061896849060CD501212C2241
:10A1300002FB05F2024482F83D1014EB451111F5C3
:10A14000A06140228A6014EB451414F5A06401213B
:10A15000A16001212C2202FB05F2024482F8611069
:10A160002900C9B2006800F069FBD3E114EB451186
:10A1700011F5A061896849061FD504212C2202FB34
:10A1800005F2024482F8611001212C2202FB05F243
:10A19000024482F83D1000212C2202FB05F2024409
:10A1A000D1652900C9B2006800F048FB14EB4514E2
:10A1B00014F5A0644020A060ACE114EB451111F54A
:10A1C000A0618968090712D514EB451414F5A06441
:10A1D0000821A16005212C2202FB05F2024482F82D
:10A1E00061102900C9B2006800F028FB92E114EB6D
:10A1F000451111F5A0618968C9062FD500212C22CF
:10A2000002FB05F20244D16503212C2202FB05F278
:10A21000024482F861102C2101FB05F1014491F800
:10A220003D1000290ED12C2101FB05F1014491F8CC
:10A230003C10002906D101212C2202FB05F2024428
:10A2400082F83D102900C9B2006800F0F7FA14EB5B
:10A25000451414F5A0641020A0605BE114EB4511D7
:10A2600011F5A0618968090647D5016900290CD15B
:10A2700006212C2202FB05F2024482F8611029001B
:10A28000C9B2006800F0DAFA30E02C2101FB05F1D8
:10A290000144C96D491C2C2202FB05F20244D16520
:10A2A0002C2101FB05F10144C96D032917D30021BD
:10A2B0002C2202FB05F20244D16504212C2202FB70
:10A2C00005F2024482F860102C2101FB05F10144E3
:10A2D00091F860202900C9B200F0D2FB06E002210B
:10A2E0002C2202FB05F2104480F8601014EB451498
:10A2F00014F5A0648020A0600CE114EB451111F569
:10A30000A0618968490513D508212C2202FB05F2BA
:10A31000024482F861102900C9B2006800F08EFA88
:10A3200014EB451414F5A0644FF48060A060F1E0D4
:10A3300014EB451111F5A0618968890740F1EA80A5
:10A340002C2101FB05F1014491F8611001295CD138
:10A3500001212C2202FB05F2024482F860102C211C
:10A3600001FB05F1014491F83F10022908D02C218E
:10A3700001FB05F1014491F83F10032940F0BA8038
:10A38000016900290DD12C2101FB05F1014491F84F
:10A39000551091F001012C2202FB05F2024482F8D3
:10A3A00055100169012940F0A5802C2101FB05F120
:10A3B0000144C96C002900F09D802C2101FB05F1AE
:10A3C0000144C96C2C2202FB05F20244B2F8402081
:10A3D00011FA82F1491E2C2202FB05F20244B2F866
:10A3E0004020B1FBF2F1C90740F184802C2101FB30
:10A3F00005F1014491F8551091F001012C2202FB66
:10A4000005F2024482F8551074E02C2101FB05F19D
:10A41000014491F86110032907D102212C2202FB8B
:10A4200005F2024482F8601064E02C2101FB05F182
:10A43000014491F86110042907D102212C2202FB6A
:10A4400005F2024482F8601054E02C2101FB05F172
:10A45000014491F86110052907D105212C2202FB46
:10A4600005F2024482F8601044E02C2101FB05F162
:10A47000014491F86110062907D02C2101FB05F158
:10A48000014491F86110082934D12C2101FB05F118
:10A490000144C96D491C2C2202FB05F20244D1651E
:10A4A0002C2101FB05F10144C96D03290DD30021C5
:10A4B0002C2202FB05F20244D16504212C2202FB6E
:10A4C00005F2024482F8601014E002212C2202FB03
:10A4D00005F2024482F8601014EB451111F5A061F9
:10A4E000096831F0804151F0004114EB451212F53A
:10A4F000A062116014EB451414F5A0640221A16060
:10A500002C2101FB05F1014491F860202900C9B21A
:10A5100000F0B6FA31BDF8B505002F682868016A69
:10A5200011F00F06C1F34340C1F30A14022802D010
:10A5300005286CD06CE0002C68D02C2000FB06F0C5
:10A540002844406C002861D02C2000FB06F02844F1
:10A55000C06C2C2101FB06F12944096D6118884269
:10A560004DD3220092B22C2000FB06F02844416C0F
:10A57000286800F0FFF82C2000FB06F02844406C0F
:10A5800020442C2101FB06F1294448642C2000FBC7
:10A5900006F02844006D20182C2101FB06F1294407
:10A5A000086517EB461010F5A0600069C0F3C940BC
:10A5B0002C2101FB06F12944B1F84010A14225D11C
:10A5C000002823D017EB461010F5A060006830F08B
:10A5D000804050F0004017EB461717F5A067386031
:10A5E0002C2000FB06F0284490F8541091F0010153
:10A5F0002C20464305EB060080F8541006E00421A9
:10A600002C20464305EB060080F8601000E0FFE7D1
:10A61000F1BD3EB50400256815F58860006801901D
:10A6200015F5886000680090009830F02E000090CA
:10A630000198800709D50198C00702D5200000F0D5
:10A6400013FA009850F0020000900198000728D5F6
:10A65000009850F008000090019840071ED5A069AE
:10A6600002280FD1019810F4C020B0F5802F04D13A
:10A670000221206800F0B6F80CE00121206800F00B
:10A68000B1F807E0E068012804D14EF6602015F526
:10A6900080614860200000F0F4F902E0200000F042
:10A6A000F6F90198800603D5009850F0200000903C
:10A6B000009815F58865286037BD0000816851F065
:10A6C000010181600020704781684908490081606C
:10A6D0000020704781B000220092009A521C009224
:10A6E000009ADFF88C309A4203D20269002AF4D52E
:10A6F00001E0032014E000220092890151F02001C2
:10A7000001610099491C00910099DFF86420914291
:10A7100003D201698906F4D401E0032000E000209F
:10A7200001B0704781B0002100910099491C00914F
:10A730000099DFF83C20914203D201690029F4D549
:10A7400001E0032012E00021009110210161009935
:10A75000491C00910099DFF81820914203D2016949
:10A76000C906F4D401E0032000E0002001B07047E6
:10A77000410D030078B4030008001400A4B2A4083B
:10A7800012F00302002109E013F580552D68060040
:10A790003560401C401C401C401C491CA142F3D3A6
:10A7A000110089B2002912D0002113F580531B68D3
:10A7B0006C462360009B0C00E4B2E400E3400370AD
:10A7C000491C401C521E13009BB2002BF2D172BCDC
:10A7D000704701004869896908407047406910F076
:10A7E0000100704710F5806212689208920010F51F
:10A7F00080631A6010F5806212680B00DBB213F000
:10A8000003031A4310F580631A600A00D2B2012ACA
:10A8100005D14BF6803110F58060416007E0C9B288
:10A82000022904D141F2707110F58060416000206E
:10A83000704710F58060406980B2704738B40400FA
:10A84000C9B20022009214EB411212F5A062126804
:10A85000C2F3814314EB411212F5A0621268D20FC9
:10A860008568AD0603D5002A01D1002095E0002BB4
:10A8700001D0022B49D114EB411212F5A0621268EB
:10A8800052F0804214EB411313F5A0631A60826802
:10A89000920600F18180C06A10F47F0F28D114EB7A
:10A8A000411010F5A060006820F0004014EB411248
:10A8B00012F5A062106014EB411010F5A060006862
:10A8C00050F0004014EB411212F5A06210600098A5
:10A8D000401C0090009840F2E932904207D214EBFD
:10A8E000411010F5A06000680028F0D454E053E057
:10A8F00014EB411010F5A060006850F0004014EB1C
:10A90000411414F5A064206046E014EB411010F5EA
:10A91000A060006850F0804014EB411212F5A06274
:10A92000106014F58060006910F47F0F28D114EBDB
:10A93000411010F5A060006820F0004014EB4112B7
:10A9400012F5A062106014EB411010F5A0600068D1
:10A9500050F0004014EB411212F5A0621060009814
:10A96000401C0090009840F2E932904207D214EB6C
:10A97000411010F5A06000680028F0D40CE00BE056
:10A9800014EB411010F5A060006850F0004014EB8B
:10A99000411414F5A0642060002032BC70477CB5DF
:10A9A000050000242E00002000902800FFF78CFEF8
:10A9B00010212800FFF78EFE002800D00124280077
:10A9C000FFF7B0FE002800D00124002110E016EBB4
:10A9D000411010F5A060006850F0804020F0004069
:10A9E00030F4004016EB411212F5A0621060491CD1
:10A9F0001029ECD3002100E0491C10291FD216EBCE
:10AA0000411010F5A060006850F0804050F0004008
:10AA100030F4004016EB411212F5A062106000986D
:10AA2000401C0090009840F2E9329042E4D216EBCC
:10AA3000411010F5A06000680028F0D4DCE75FF05A
:10AA4000FF3016F5806670615FF0FF3068612800A6
:10AA5000FFF734FE2000C0B276BD000080B5D0F80C
:10AA6000000300F03BF801BD80B5D0F8000300F012
:10AA700053F801BD80B5D0F8000300F058F801BDCF
:10AA8000704780B5D0F8000300F03EF801BD80B5F6
:10AA9000D0F8000300F03CF801BD80B50021002192
:10AAA000D0F8D003FFF76BF8C0B200F002F8C0B2E4
:10AAB00002BD0021C0B2002805D0022807D004D36F
:10AAC000032806D007E0002006E0022004E0012071
:10AAD00002E0022000E00220C0B2704780B5D0F84A
:10AAE000C413491CC0F8C41300F001F801BD80B5BF
:10AAF00001780B2907D1D0F87C13002903D0D0F8B6
:10AB00007C138969884701BD012180F823137047B0
:10AB1000002180F823137047012180F820130021C1
:10AB200080F82113002180F822130020704710B50F
:10AB30000400012084F82103002084F82003002071
:10AB400084F823032000FFF7A8FF2179200000F0FC
:10AB500006F86179200000F002F8002010BD0A001C
:10AB6000D2B2102A0CD20A00D2B200EB8202D2F882
:10AB700084235204520CC9B200EB8100C0F8842334
:10AB800000207047FEE7FEE7FEE7FEE7FEE77047BE
:10AB90007047704780B500F079F801BD80B501209D
:10ABA000FAF757FF01BD80B50220FAF752FF01BD49
:10ABB00080B50420FAF74DFF01BD80B50820FAF7F3
:10ABC00048FF01BD80B51020FAF743FF01BD80B5F5
:10ABD0002020FAF73EFF4020FAF73BFF8020FAF7EB
:10ABE00038FF4FF48070FAF734FF4FF40070FAF733
:10ABF00030FF01BD80B51E48FDF7C2FA01BD80B52A
:10AC00001C48FDF7BDFA01BD80B51B48FDF7B8FA39
:10AC100001BD80B51948FDF7B3FA01BD80B51848EC
:10AC2000F8F7F9FF01BD80B51648F8F7F4FF01BD4C
:10AC300080B54FF48060FAF70CFF4FF40060FAF72C
:10AC400008FF4FF48050FAF704FF4FF40050FAF772
:10AC500000FF4FF48040FAF7FCFE4FF40040FAF793
:10AC6000F8FE01BD80B50848FEF7E7FE01BD000013
:10AC7000407B0020687A0020B07A0020F87A00201B
:10AC8000887B0020CC7B00204474002003480068AF
:10AC9000034909784018014908607047F07C00209A
:10ACA00089000020637C777BF26B6FC53001672BD6
:10ACB000FED7AB76CA82C97DFA5947F0ADD4A2AFB0
:10ACC0009CA472C0B7FD9326363FF7CC34A5E5F1BE
:10ACD00071D8311504C723C31896059A071280E26C
:10ACE000EB27B27509832C1A1B6E5AA0523BD6B3C0
:10ACF00029E32F8453D100ED20FCB15B6ACBBE3930
:10AD00004A4C58CFD0EFAAFB434D338545F9027F1B
:10AD1000503C9FA851A3408F929D38F5BCB6DA21D4
:10AD200010FFF3D2CD0C13EC5F974417C4A77E3D00
:10AD3000645D197360814FDC222A908846EEB81456
:10AD4000DE5E0BDBE0323A0A4906245CC2D3AC6219
:10AD50009195E479E7C8376D8DD54EA96C56F4EA24
:10AD6000657AAE08BA78252E1CA6B4C6E8DD741F35
:10AD70004BBD8B8A703EB5664803F60E613557B9F8
:10AD800086C11D9EE1F8981169D98E949B1E87E9B2
:10AD9000CE5528DF8CA1890DBFE6426841992D0F61
:10ADA000B054BB1652096AD53036A538BF40A39EB1
:10ADB00081F3D7FB7CE339829B2FFF87348E43449A
:10ADC000C4DEE9CB547B9432A6C2233DEE4C950BF6
:10ADD00042FAC34E082EA16628D924B2765BA24956
:10ADE0006D8BD12572F8F66486689816D4A45CCC75
:10ADF0005D65B6926C704850FDEDB9DA5E15465748
:10AE0000A78D9D8490D8AB008CBCD30AF7E458057D
:10AE1000B8B34506D02C1E8FCA3F0F02C1AFBD0389
:10AE200001138A6B3A9111414F67DCEA97F2CFCE5A
:10AE3000F0B4E67396AC7422E7AD3585E2F937E8F5
:10AE40001C75DF6E47F11A711D29C5896FB7620E37
:10AE5000AA18BE1BFC563E4BC6D279209ADBC0FE18
:10AE600078CD5AF41FDDA8338807C731B1121059C5
:10AE70002780EC5F60517FA919B54A0D2DE57A9FB7
:10AE800093C99CEFA0E03B4DAE2AF5B0C8EBBB3CAC
:10AE900083539961172B047EBA77D626E169146330
:10AEA00055210C7DF0B4024610689568131850685F
:10AEB00003EB5004C0071CD54D441AE013F8017B86
:10AEC00005F8017B491EF9D198B113F8011BC6F3AF
:10AED0008106032E08BF13F8016B01EB06214942DE
:10AEE000801C294405D011F8016B05F8016B401E48
:10AEF000F9D1A3420ED013F8016B16F0030104BF81
:10AF000013F8011BC91C30090F28DBD113F8010B02
:10AF10000F30D7E7F0BC02F10C007047000021159C
:10AF2000110E0D0C0B0B0A0A09090909090808087A
:10AF3000080808080707070707070707070707079D
:10AF4000070000003031323334353637383961622A
:10AF5000636465666768696A6B6C6D6E6F70717249
:10AF6000737475767778797A0000000042544E5FEA
:10AF700043594C494E4445525F484F4C445F424907
:10AF80004C4C45542050726F636573730A00000087
:10AF900000000000000024400000000000005940B4
:10AFA000000000000088C3400000000084D79741E3
:10AFB0000080E03779C34143176E05B5B5B89346B5
:10AFC000F5F93FE9034F384D321D30F94877825A81
:10AFD0003CBF737FDD4F157530B4002512E050F88B
:10AFE000042BD30744BF4A44521E091F042942F8C8
:10AFF000045BFAD213468C0744BF15809B1CC9071B
:10B0000048BF1D7050F8041B0029E8D130BC7047C0
:10B01000436861726163746F722E736153746570FB
:10B020002E753136536571537465704F664C696E79
:10B0300065203D2025640A0010B507497944183180
:10B04000064C7C44163404E00A68081D1144884705
:10B050000146A142F8D110BD74000000900000002C
:10B06000436861726163746F722E736153746570AB
:10B070005B695D2E75313656616C203D2025640A72
:10B0800000000000436861726163746F722E735335
:10B090007465702E7531365365714C696E65203D4F
:10B0A0002025640A000000004EF68851CEF200010F
:10B0B000086840F470000860BFF34F8FBFF36F8FD4
:10B0C0004FF00070E1EE100A704700000DFFFFFF27
:10B0D000887C00008C00002000000000C9FDFFFFFC
:10B0E000180B00008800000000000020474F20558A
:10B0F0005020454E435F526561644E756D50756CCE
:10B100007365203D2025640A00000000474F20425F
:10B1100041434B20454E435F526561644E756D500F
:10B12000756C7365203D2025640A000046494E4930
:10B130005348206672616D650A207265616C5F73A9
:10B140006571203D2025640A00000000434F4E54E5
:10B15000494E5545206672616D650A207265616CC5
:10B160005F736571203D2025640A000052756E49A9
:10B170006E662E753136536571537465704F664C2B
:10B18000696E65203D2025640A00000043686172F5
:10B190006163746F722E7361537465702E654D6FA9
:10B1A0006465203D2025640A000000000448006812
:10B1B00050F4700002490860024803490860704773
:10B1C00088ED00E00000020808ED00E000F00DF856
:10B1D000002801D0FFF730FFAFF300800020AFF36D
:10B1E0000080FAF772FA00F002F80120704700F0D0
:10B1F00001B8000007463846FAF714FFFBE70000E5
:10B2000042544E5F42494C4C45545F474F5F555046
:10B210002050726F636573730A00000042544E5FE2
:10B2200042494C4C45545F474F5F4241434B20508D
:10B23000726F636573730A0042544E5F43594C4901
:10B240004E4445525F5341574E2050726F636573B1
:10B25000730A00004765744D616368696E655365E4
:10B260007474696E67206973204F4B2121210A0095
:10B2700043682E61537465702E7531365365714C79
:10B28000696E65203D2025640A000000466F726DDE
:10B290006174206F6E6C792031206672616D65205B
:10B2A0004F4B4F4B4F4B0A00756172742D3E7531F9
:10B2B000365061796C6F61644C656E203D20256469
:10B2C0000A000000436861726163746F722E753109
:10B2D000364E756D53746570203D2025640A00005C
:10B2E000436861726163746F722E7531364E756D8D
:10B2F0004C696E65203D2025640A00004368617238
:10B300006163746F722E7531366E756D537465702E
:10B31000203D2025640A0000756172742E75313657
:10B320005061796C6F61644C656E203D2025640A24
:10B33000000000000548014603B4684680F3098810
:10B34000AFF30080FFF7B0FEFFF740FFA5EDF5FE7D
:10B35000424C5F57726974655265717565737450BC
:10B36000726F6746570A000042544E5F4D4F544F6C
:10B37000525F5341574E2050726F636573730A00DA
:10B3800043796C696E6465725F5361776E2066699C
:10B390006E6973680A00000043796C696E646572B7
:10B3A0005F437574456E642066696E6973680A0050
:10B3B000454E435F526561644E756D50756C7365A3
:10B3C000203D2025640A0000436865636B4E756D5F
:10B3D0004F4B20697320496E76616C69640A0000E6
:10B3E0004765744C696E657320697320496E766198
:10B3F0006C69640A00000000466F726D617420661B
:10B4000072616D65204F4B4F4B4F4B0A000000009F
:10B41000466F726D6174206F6E6C79203120667298
:10B42000616D650A00000000626C6F636B5F736999
:10B430007A655F317374203D2025640A00000000A6
:10B44000626C6F636B5F73697A655F656E64203DE4
:10B450002025640A00000000476574554152545F7E
:10B4600046696C655F46696E6973680A0000000092
:10B47000756172742D3E7531365265634C656E2070
:10B480003D2025640A000000434D445F524551555C
:10B490004553545F50524F475F46570A0000000023
:10B4A00064697374616E63655377616E546F43753D
:10B4B00074203D2025640A0052756E496E662E7513
:10B4C00031365365714C696E65203D2025640A0054
:10B4D00052756E496E662E7531367365715374659B
:10B4E00070203D2025640A0046494E4953482053A8
:10B4F0005F52554E5F4D414348494E450A0000009A
:10B50000434D445F46494E4953485F53454E445F5F
:10B5100046494C450A000000434D445F5245515591
:10B520004553545F50524F475F46570A0000000092
:10B5300042544E5F53544152542050726F636573AE
:10B54000730A000042544E5F5041555345205072DB
:10B550006F636573730A000042544E5F53544F503B
:10B560002050726F636573730A00000043796C6941
:10B570006E6465725F5361776E20300A00000000D0
:10B5800043796C696E6465725F5361776E20310A2E
:10B590000000000043796C696E6465725F536177E7
:10B5A0006E20320A0000000043796C696E64657297
:10B5B0005F437574456E640A000000000A6E756D85
:10B5C0005F76616C6964203D2025640A00000000FC
:10B5D0004765744D616368696E6553657474696E1F
:10B5E000670A000043682E7531364E756D537465D9
:10B5F00070203D2025640A0043682E7531364E7553
:10B600006D4C696E65203D2025640A0046696C65B5
:10B6100020697320736D616C6C21210A00000000A9
:10B62000626C6F636B5F73697A65203D2025640AE5
:10B630000000000066696C652D3E7531364C656E04
:10B64000203D2025640A00004D414E59206672615C
:10B650006D6573204F4B4F4B4F4B0A007061796CF7
:10B660006F61645F6C656E203D2025640A000000F8
:10B67000554152545F554E4B4E4F574E5F465241C7
:10B680004D450A0050726F63657373554152545FA4
:10B6900046696E6973680A0047657444617461465F
:10B6A000726F6D46696C650A00000000656E636F1D
:10B6B0006465725F70756C7365203D2025640A00B7
:10B6C00052756E4D616368696E655F50726F636538
:10B6D00073730A0053656E64526573706F6E7365A1
:10B6E000546F50430A000000434D445F46494E49A1
:10B6F00053485F50524F475F46570A00535F5052BE
:10B700004F434553535F50435F444154410A000047
:10B71000E2830162758C6971F3FE98776E4C94D563
:10B720006F126A10124874F7C6F5E90329593518E3
:10B7300053746172745570204170700A00000000EB
:10B7400023C64B0C29EAF79DB0A58191A48F5C7F9D
:10B7500043796C696E6465725F5361776E0A0000AD
:10B76000476F546F426F6F744C6F616465720A006B
:10B770000A6E756D5F646F74203D2025640A0000B9
:10B7800047657456616C53657474696E670A00008E
:10B79000726573756C74203D2025660A00000000F8
:10B7A00066696C652D3E6C656E203D2025640A003F
:10B7B0004C696E65732069732056616C69640A0078
:10B7C00053454E4420524553554C540A0000000046
:10B7D000476574554152545F46696C650A00000024
:10B7E00066696C655F6C656E203D2025640A00000B
:10B7F0006E756D5F6672616D65203D2025640A007F
:10B800007265616C5F736571203D2025640A0000DC
:10B810004649525354206672616D650A000000006B
:10B820004672616D652069732053686F72740A00F7
:10B8300050726F63657373554152540A00000000E3
:10B84000434D445F5354414E445F42590A00000047
:10B85000434D445F53544152545F52554E0A0000C9
:10B86000434D445F50415553455F52554E0A0000C9
:10B87000434D445F53544F505F52554E0A000000F1
:10B88000434D445F52554E4E494E470A000000005A
:10B89000434D445F50524F475F46570A0000000037
:10B8A000476574446174614F4B4F4B0A00000000C0
:10B8B000464C5F4572617365536563746F720A002D
:10B8C0004C617374206669726D776172650A00005D
:10B8D0006E756D5F70616765203D2025640A00000C
:10B8E0007365715F70616765203D2025640A000003
:10B8F0007265616C5F70616765203D2025640A0098
:10B9000070726576696F757349734375740A0000C8
:10B91000476F20636F6E74696E75650A00000000E2
:10B92000535F4745545F42494C4C45540A00000060
:10B93000535F4745545F42494C4C4554000000005A
:10B9400053657269616C53656E64546F50430A00AD
:10B9500053656E644672616D65546F50430A000012
:10B96000434D445F53454E445F46494C450A0000F1
:10B97000434D445F52554E4E494E470A0000000069
:10B98000434D445F50415553455F52554E0A0000A8
:10B99000434D445F50524F475F46570A0000000036
:10B9A000000000000000000001020304060708096F
:10B9B0000148804701480047ADB1020835B302088D
:10B9C000535F5354414E445F4259000043686563DE
:10B9D0006B4E756D4F4B0A00313131313131310AC7
:10B9E00000000000323232323232320A00000000EF
:10B9F000534551203D2025640A0000003333333382
:10BA00003333330A00000000343434343434340A1D
:10BA1000000000004765744C696E65730A00000001
:10BA2000476574446174610A0000000030303030B2
:10BA30003030300A000000003131313131313131E4
:10BA40000A000000414C4C204652414D450A00007E
:10BA500053454E445F46494C450A0000464C5F50F2
:10BA6000726F6746570A0000467750726F636573BE
:10BA7000730A000050756C6C42696C6C65740A0046
:10BA8000736571203D2025640A000000476F206126
:10BA9000686561640A000000476F206261636B0A99
:10BAA0000000000052554E4E494E470A000000006B
:10BAB00052554E4E494E472D2D2D3E00535F535447
:10BAC000414E445F425900000102040810204080AA
:10BAD0001B3600002358313D000000002358323D42
:10BAE000000000000000000001020304FFF7FEBF99
:10BAF000FFF7FEBFFFF7FEBFFFF7FEBFFFF7FEBF7A
:10BB0000FFF7FEBFFFF7FEBFFFF7FEBFFFF7FEBF69
:10BB1000FFF7FEBFFFF7FEBFFFF7FEBFFFF7FEBF59
:10BB2000FFF7FEBFFFF7FEBFFFF7FEBFFFF7FEBF49
:10BB3000FFF7FEBFFFF7FEBFFFF7FEBFFFF7FEBF39
:10BB4000FFF7FEBFFFF7FEBFFFF7FEBFFFF7FEBF29
:10BB5000FFF7FEBFFFF7FEBFFFF7FEBFFFF7FEBF19
:10BB6000FFF7FEBFFFF7FEBFFFF7FEBFFFF7FEBF09
:10BB7000FFF7FEBFFFF7FEBFFFF7FEBFFFF7FEBFF9
:10BB8000FFF7FEBFFFF7FEBFFFF7FEBFFFF7FEBFE9
:10BB9000FFF7FEBFFFF7FEBFFFF7FEBFFFF7FEBFD9
:10BBA000FFF7FEBFFFF7FEBFFFF7FEBFFFF7FEBFC9
:10BBB000FFF7FEBFFFF7FEBFFFF7FEBFFFF7FEBFB9
:10BBC000FFF7FEBFFFF7FEBFFFF7FEBFFFF7FEBFA9
:10BBD000FFF7FEBFFFF7FEBFFFF7FEBFFFF7FEBF99
:10BBE000FFF7FEBFFFF7FEBFFFF7FEBFFFF7FEBF89
:10BBF000FFF7FEBFFFF7FEBF13100001F00507249B
:10BC0000F400CA1802080452FF01E382151410055B
:10BC100000001E17020801442002080000204B10FB
:10BC2000011343020B500100000D081229081211E4
:0CBC300004523D10E10152011503010116
:040000050802B33505
:00000001FF
